As,Source_Nodes,Categorical_Model_Trees,Categorical_True_Trees,Categorical_Model_Mask,Categorical_True_Mask,Categorical_Model_Accuracy,Categorical_True_Accuracy,Random_Model_Trees,Random_True_Trees,Random_Model_Mask,Random_True_Mask,Random_Model_Accuracy,Random_True_Accuracy,Prim_Model_Trees,Prim_True_Trees,Prim_Model_Mask,Prim_True_Mask,Prim_Model_Accuracy,Prim_True_Accuracy,Beam_Model_Trees,Beam_True_Trees,Beam_Model_Mask,Beam_True_Mask,Beam_Model_Accuracy,Beam_True_Accuracy
"[0 1 0 0 0 1 0 0 0 0 0 0 0 0 0 1 1 1 0 0 0 0 0 0 0 0 0 0 0 0 0 0 0 0 1 0 0
 0 1 0 0 0 1 0 0 0 1 0 0 0 0 1 0 1 1 0 1 0 0 1 0 0 0 0 0 0 0 0 0 0 1 0 1 0
 0 0 1 1 0 0 1 0 0 1 0 1 0 1 1 1 1 0 0 0 0 0 0 0 1 1 1 0 0 1 0 1 1 1 0 0 1
 0 0 0 0 0 0 1 1 0 0 0 1 1 0 1 0 0 0 0 0 1 1 1 0 0 0 1 0 0 0 0 0 0 0 0 0 0
 0 1 1 0 1 1 0 0 0 0 0 0 0 0 1 0 0 1 1 1 0 0 0 0 0 0 0 0 0 0 0 1 0 0 1 1 0
 0 0 0 1 0 0 0 0 0 0 0 1 0 0 0 0 0 0 1 0 0 1 0 0 0 0 0 1 0 0 1 0 0 0 0 0 1
 0 0 0 0 1 0 0 0 1 0 0 0 0 0 1 0 1 0 1 0 0 0 0 0 0 0 0 0 0 0 0 0 0 0]",2,[ 5  0  2  6  6 10  2 10  5  6  2  6 14  7  2  0],[ 5  0  2  6  6 10  2  6  9  6  2  6 14  7  2  0],True,True,1.0,1.0,"[np.int64(13), np.int64(4), np.int64(8), np.int64(5), np.int64(9), np.int64(5), np.int64(6), np.int64(6), np.int64(9), np.int64(11), np.int64(5), np.int64(3), np.int64(3), np.int64(1), np.int64(11), np.int64(10)]","[np.int64(8), np.int64(8), np.int64(9), np.int64(1), np.int64(10), np.int64(0), np.int64(10), np.int64(14), np.int64(1), np.int64(3), np.int64(6), np.int64(9), np.int64(4), np.int64(7), np.int64(5), np.int64(15)]",False,False,0.0,0.0,[ 5  0  2  6  6 10  2 10  3  6  2  6 14  4  2  0],[ 5  0  2  6  6 10  2  6  4  6  2  6 14  7  2  0],True,True,0.796875,1.0,[ 5  0  2  6  6 10  2  6  3  6  2  6 14  4  2  0],[ 5  0  2  6  6 10  2  6  3  6  2  6 14  4  2  0],True,True,0.8125,0.8125
"[0 0 1 1 0 0 0 0 0 0 1 0 0 0 0 0 0 1 0 0 0 0 0 1 1 0 0 1 0 0 0 0 1 0 0 0 1
 1 0 0 0 0 0 0 1 0 0 1 1 0 0 1 0 1 0 0 0 0 1 0 0 0 0 1 0 0 1 0 1 1 0 0 0 0
 0 0 1 0 0 1 0 0 1 1 1 0 0 0 0 0 0 0 0 0 0 1 0 0 0 0 0 0 1 0 0 0 0 0 1 1 0
 0 0 1 0 0 0 0 0 0 0 1 0 1 0 0 0 0 0 1 0 0 0 0 0 0 1 0 1 0 1 0 0 0 0 0 0 0
 0 0 0 1 0 1 0 0 0 1 0 0 1 0 0 1 0 0 0 0 1 0 0 1 0 0 0 0 0 1 0 0 0 0 0 1 0
 0 1 0 1 0 0 0 0 0 1 0 1 0 1 0 1 0 0 1 1 0 0 0 0 0 0 0 0 0 1 0 0 1 0 0 0 1
 0 0 0 0 0 0 0 0 0 0 0 0 0 0 0 0 1 0 0 0 1 1 1 1 0 0 0 0 0 0 0 0 0 0]",9,[10  7 12 10 12  4 13  9  1  9 11  7  6  9 14  3],[10  7 12 10 12  4 13  9  1  9 11  7 11  9 14  3],True,True,1.0,1.0,"[np.int64(8), np.int64(2), np.int64(3), np.int64(10), np.int64(9), np.int64(15), np.int64(11), np.int64(9), np.int64(1), np.int64(10), np.int64(1), np.int64(11), np.int64(8), np.int64(11), np.int64(12), np.int64(15)]","[np.int64(4), np.int64(11), np.int64(9), np.int64(15), np.int64(7), np.int64(12), np.int64(1), np.int64(3), np.int64(3), np.int64(12), np.int64(1), np.int64(10), np.int64(10), np.int64(3), np.int64(3), np.int64(2)]",False,False,0.0,0.0,[10  7 12 10 12  4 13  9  1  9 11  7 11  9 15  4],[10  7 12 10 12  4 13  9  1  9 11  7  6  9 14  3],False,True,0.796875,1.0,[10  7 12 10 12  2 13  9  1  9 11  7  6  9  0  2],[10  7 12 10 12  4 13  9  1  9 11  7 11  9  0  4],False,False,0.8125,0.8125
"[1 0 0 1 0 1 0 0 1 1 0 0 1 0 1 1 0 0 0 0 0 0 0 0 0 1 1 1 0 1 0 1 0 0 0 0 0
 0 0 0 0 1 0 0 1 0 1 0 1 0 0 1 0 0 1 0 0 1 0 0 0 0 1 1 0 0 0 0 1 0 1 0 0 1
 0 1 0 0 0 0 1 0 0 0 0 1 0 0 1 0 0 0 1 0 0 0 0 0 0 1 1 0 0 0 0 0 0 0 0 1 0
 0 0 0 0 0 0 0 0 0 1 0 0 0 0 1 1 0 1 0 0 0 0 1 0 1 0 1 0 0 1 0 0 1 1 1 1 1
 1 0 0 0 1 0 0 0 0 1 0 0 0 1 0 0 0 0 0 0 0 0 0 0 0 0 0 1 0 1 0 0 1 0 0 0 0
 0 0 0 0 0 1 0 1 0 1 0 0 1 0 0 1 0 0 0 1 1 0 1 0 1 0 0 0 0 1 1 0 1 0 0 1 1
 0 0 1 0 1 1 0 0 0 1 0 0 0 1 0 0 1 0 1 1 0 1 0 0 0 0 1 0 1 0 1 0 0 0]",9,[ 9  9  9  9  9  8 13 13  9  9  1  1  0  9  3  0],[9 9 9 9 9 8 3 8 9 9 1 1 0 9 2 1],True,True,1.0,1.0,"[np.int64(7), np.int64(7), np.int64(7), np.int64(13), np.int64(8), np.int64(2), np.int64(6), np.int64(0), np.int64(6), np.int64(8), np.int64(12), np.int64(11), np.int64(1), np.int64(10), np.int64(10), np.int64(15)]","[np.int64(0), np.int64(10), np.int64(5), np.int64(3), np.int64(12), np.int64(2), np.int64(12), np.int64(11), np.int64(7), np.int64(4), np.int64(9), np.int64(5), np.int64(8), np.int64(12), np.int64(1), np.int64(2)]",False,False,0.0,0.0,[9 9 9 9 9 0 4 8 9 9 1 1 2 9 0 3],[9 9 9 9 9 0 3 8 9 9 1 1 0 9 2 0],True,True,0.796875,1.0,[9 9 9 9 9 0 3 8 9 9 1 1 0 9 0 1],[9 9 9 9 9 0 3 8 9 9 1 1 0 9 0 0],True,True,0.8125,0.8125
"[1 0 0 1 0 0 1 0 0 1 0 0 0 0 1 0 0 1 0 1 1 0 0 0 0 0 0 0 0 0 1 1 0 0 1 0 0
 1 1 0 1 0 0 0 1 1 0 1 1 1 0 1 0 0 0 0 0 0 0 1 0 1 0 0 0 1 0 0 1 0 0 0 0 0
 1 1 1 0 0 0 0 0 1 0 0 1 1 0 0 1 1 0 0 1 0 0 1 0 1 0 0 1 1 0 0 0 1 0 0 0 1
 0 0 0 0 0 0 0 0 0 0 0 1 0 0 0 1 0 0 0 1 0 0 0 0 0 0 0 0 0 0 0 0 0 1 0 0 0
 0 1 0 0 0 1 1 0 0 0 1 1 0 0 0 0 1 1 1 1 0 1 0 1 1 0 1 0 0 0 0 1 1 0 0 0 0
 0 1 1 0 0 1 0 0 0 1 0 1 0 0 0 0 0 1 0 0 1 0 0 0 0 1 1 0 1 0 0 0 0 0 0 1 1
 0 0 1 1 0 0 0 0 1 1 0 1 1 1 0 0 0 0 0 1 1 0 0 0 0 0 0 1 0 0 0 0 0 1]",8,[ 6 15  8 13 12  2  2 14  8 15 12 14  2  2  6  2],[ 6 15  8 13 12  2  2 14  8 15  5  3  2  2  6  2],True,True,1.0,1.0,"[np.int64(15), np.int64(10), np.int64(7), np.int64(3), np.int64(9), np.int64(11), np.int64(9), np.int64(1), np.int64(3), np.int64(12), np.int64(10), np.int64(2), np.int64(12), np.int64(12), np.int64(7), np.int64(14)]","[np.int64(1), np.int64(9), np.int64(5), np.int64(4), np.int64(7), np.int64(12), np.int64(14), np.int64(5), np.int64(5), np.int64(14), np.int64(0), np.int64(3), np.int64(9), np.int64(4), np.int64(1), np.int64(4)]",False,False,0.0,0.0,[ 6 15  8 13 12  2  2 14  8 15 12 10  2  2  6  2],[ 6 15  8 13 12  2  2 14  8  5 12 10  2  2  6  2],True,True,0.796875,1.0,[ 6 15  8 13 12  2  2 14  8  5  5  4  2  2  6  2],[ 6 15  8 13 12  2  2 14  8  5  5  4  2  2  6  2],True,True,0.8125,0.8125
"[1 0 1 1 0 1 1 1 0 1 0 0 1 0 1 0 0 0 0 1 1 1 0 1 0 1 1 0 0 0 0 0 1 0 1 0 0
 0 1 0 0 0 0 0 0 1 0 1 1 1 0 1 0 0 0 0 1 0 1 0 1 0 0 1 0 1 0 0 0 0 0 0 0 0
 0 0 1 0 1 0 1 1 0 0 0 1 0 0 0 0 0 0 0 0 1 0 1 0 1 0 0 0 1 1 1 0 0 0 1 0 0
 0 1 1 0 0 0 0 1 0 0 1 1 0 0 0 1 0 0 0 0 1 0 0 1 0 0 1 0 0 0 0 1 0 1 1 0 0
 0 0 0 1 1 0 0 0 1 1 1 0 0 1 0 1 0 0 0 1 0 0 1 0 0 1 0 0 0 0 0 0 0 0 0 0 0
 0 0 0 1 1 1 0 1 0 0 1 1 0 1 0 0 1 0 1 1 0 1 0 0 0 1 0 0 0 0 0 0 1 1 1 0 0
 0 0 1 0 0 0 1 1 0 1 1 1 0 1 1 0 0 0 0 0 1 1 0 0 0 0 0 0 0 0 0 0 0 0]",2,[ 2  9  2  0 12  0  2  6  6  0 13 13  6  2  0  2],[ 2  3  2 15 12  0  2  6  6 13 13 13  0  2  0  2],True,True,1.0,1.0,"[np.int64(9), np.int64(2), np.int64(0), np.int64(14), np.int64(15), np.int64(4), np.int64(15), np.int64(6), np.int64(12), np.int64(4), np.int64(6), np.int64(4), np.int64(13), np.int64(11), np.int64(1), np.int64(8)]","[np.int64(1), np.int64(13), np.int64(5), np.int64(8), np.int64(4), np.int64(12), np.int64(9), np.int64(5), np.int64(15), np.int64(9), np.int64(0), np.int64(15), np.int64(4), np.int64(10), np.int64(2), np.int64(1)]",False,False,0.0,0.0,[ 2  7  2  0 14  0  2  0  6 13 13 13  0  2  0  2],[ 2  3  2 15 12  0  2  0  6 13 13 13  0  2  0  2],True,True,0.796875,1.0,[ 2  3  2  0 12  0  2  0  6  0 13 13  0  2  0  2],[ 2  5  2 15 12  0  2  0  6 13 13 13  0  2  0  2],True,True,0.8125,0.8125
"[1 0 0 0 0 0 0 0 0 1 0 1 0 1 1 0 0 1 0 1 1 0 1 0 1 1 1 0 0 0 0 0 0 0 1 1 0
 0 1 0 0 1 0 1 0 0 0 0 0 1 1 0 0 0 0 1 1 0 1 1 1 0 0 0 0 1 0 0 1 0 1 1 0 0
 1 0 1 0 1 0 0 0 0 0 0 1 0 1 1 0 1 0 0 0 0 0 0 1 1 0 1 0 1 1 0 0 0 0 0 0 0
 0 0 0 0 1 1 1 1 0 1 0 0 0 0 0 0 0 0 1 0 1 0 1 0 1 0 1 0 0 0 1 0 0 1 1 1 0
 0 0 0 0 1 1 1 0 0 1 1 0 0 1 0 1 1 1 0 0 0 1 1 1 0 0 0 1 1 0 1 1 0 0 0 0 0
 0 1 1 0 0 0 0 0 0 0 1 1 0 0 0 0 0 0 0 1 1 0 0 1 0 0 0 0 0 0 0 1 1 0 0 1 1
 0 0 1 0 0 0 1 0 0 0 0 1 0 0 0 0 0 0 0 0 0 0 0 0 0 0 0 0 1 0 0 0 0 1]",6,[14  6  6  7  6  7  6  6  1  1  1  2  4 12  4 10],[14  6  6  7  6  7  6  6  7  2  1  2  4  9  4 10],True,True,1.0,1.0,"[np.int64(4), np.int64(7), np.int64(13), np.int64(4), np.int64(1), np.int64(14), np.int64(10), np.int64(8), np.int64(5), np.int64(1), np.int64(14), np.int64(13), np.int64(4), np.int64(4), np.int64(0), np.int64(14)]","[np.int64(1), np.int64(14), np.int64(8), np.int64(6), np.int64(3), np.int64(0), np.int64(2), np.int64(9), np.int64(3), np.int64(3), np.int64(12), np.int64(5), np.int64(9), np.int64(4), np.int64(11), np.int64(14)]",False,False,0.0,0.0,[11  6  6  1  6  7  6  6  7  2  1  2  4 12  4 10],[11  6  6  1  6  7  6  6  7  2  1  2  4  9  4 10],True,True,0.796875,1.0,[ 9  6  6  1  6  7  6  6  1  1  1  2  4  9  4 10],[14  6  6  7  6  7  6  6  7  1  4  2  4  9  4 10],True,True,0.8125,0.8125
"[1 0 0 1 0 0 0 0 0 1 0 0 0 0 0 1 0 0 0 0 0 0 1 0 0 0 0 0 0 0 0 0 0 0 0 0 0
 0 1 1 0 0 0 1 0 1 0 0 1 0 0 0 0 0 0 1 1 0 1 0 0 0 1 1 0 0 0 0 1 1 0 0 0 0
 0 0 1 0 0 0 0 0 0 0 1 0 0 0 0 0 0 1 1 0 1 0 0 1 1 0 0 0 0 0 0 0 0 0 0 1 0
 0 0 0 1 1 0 0 0 1 1 0 1 1 0 1 0 1 0 0 0 1 0 0 0 1 1 1 0 0 0 0 0 1 1 0 0 0
 0 0 0 0 1 1 0 0 0 0 0 1 0 0 0 1 0 0 0 1 0 0 0 0 0 0 0 1 0 0 1 0 0 1 0 1 0
 0 0 0 0 0 1 0 0 0 0 0 1 1 0 0 0 0 0 0 1 1 0 0 0 0 1 0 0 0 1 1 0 0 0 0 1 0
 0 0 0 0 0 1 0 1 0 0 0 0 0 1 0 0 1 0 1 0 0 1 0 0 0 1 1 1 1 0 0 0 0 1]",8,[15  6  7  8  5 11 13  8  8  8  7  7 13  7  3  8],[ 9  6  7  8  5 14 13  8  8  8  3  7 13  7  3  8],True,True,1.0,1.0,"[np.int64(7), np.int64(2), np.int64(2), np.int64(10), np.int64(3), np.int64(7), np.int64(13), np.int64(7), np.int64(4), np.int64(10), np.int64(10), np.int64(2), np.int64(12), np.int64(13), np.int64(13), np.int64(7)]","[np.int64(6), np.int64(4), np.int64(8), np.int64(12), np.int64(3), np.int64(12), np.int64(7), np.int64(15), np.int64(8), np.int64(13), np.int64(12), np.int64(10), np.int64(12), np.int64(14), np.int64(5), np.int64(14)]",False,False,0.0,0.0,[ 9  6  7  8 12 14  2  8  8  8  7  7 13  7  3  8],[ 3  6  7  8  5 11 13  8  8  8 15  7 13  7  3  8],True,True,0.796875,1.0,[15  6  7  8 12 11  2  8  8  8 15  7 13  7  3  8],[15  6  7  8  5 14 13  8  8  8 15  7 13  7  3  8],True,True,0.8125,0.8125
"[0 1 1 0 1 0 1 0 0 0 0 0 1 0 1 0 1 0 1 0 1 0 0 0 0 0 0 0 0 1 0 0 1 1 1 0 0
 0 0 0 0 0 1 0 1 0 0 0 0 0 0 1 0 0 0 1 0 0 0 0 0 0 0 0 1 1 0 0 0 1 0 0 0 0
 0 0 0 0 0 0 0 0 0 0 1 1 1 0 0 0 0 0 1 0 1 0 1 0 0 0 0 1 0 1 0 0 0 0 1 1 0
 0 0 0 0 1 0 0 1 0 0 0 1 0 1 0 0 1 0 0 0 0 0 0 0 0 1 0 0 1 0 1 0 1 0 0 0 0
 0 0 0 0 0 0 0 1 0 0 0 1 0 0 1 0 0 0 0 1 0 0 0 0 1 0 0 0 0 0 0 0 0 0 0 0 1
 1 0 1 0 0 1 0 1 0 1 0 0 1 1 1 0 0 1 0 1 0 0 0 0 1 0 0 0 0 1 0 1 0 0 0 0 1
 0 0 1 0 0 0 0 1 0 0 0 0 0 1 0 0 0 0 0 0 0 0 0 0 0 1 1 1 0 0 0 0 0 1]",3,[ 6 13 12  3  5  6  7  3 15 15  7  8  7  6  5  7],[ 6 13 12  3  5 12  7  3 15 15  7  8  7  6  5  7],True,True,1.0,1.0,"[np.int64(1), np.int64(9), np.int64(3), np.int64(9), np.int64(13), np.int64(14), np.int64(5), np.int64(1), np.int64(5), np.int64(8), np.int64(3), np.int64(0), np.int64(7), np.int64(4), np.int64(1), np.int64(9)]","[np.int64(2), np.int64(15), np.int64(14), np.int64(15), np.int64(0), np.int64(2), np.int64(9), np.int64(12), np.int64(5), np.int64(3), np.int64(8), np.int64(3), np.int64(8), np.int64(13), np.int64(6), np.int64(0)]",False,False,0.0,0.0,[12 13 12  3  0 12  7  3 15 15  7  8  7  6  0  7],[ 6 13 10  3  5 12  7  3 15 15  7  9  7  6  5  7],True,True,0.796875,1.0,[ 6  0 10  3  0  6  7  3 15 15  7  8  7  6  0  7],[ 6  0 10  3  5  6  7  3 15 15  7  9  7  6  5  7],True,True,0.8125,0.8125
"[1 0 0 0 0 0 0 0 0 0 0 1 0 1 0 1 0 0 0 0 1 0 1 0 1 0 0 1 0 1 0 0 0 0 0 0 1
 0 0 1 0 0 0 1 1 1 0 0 0 0 0 1 1 0 0 1 0 1 0 0 0 0 0 1 0 1 1 1 0 0 0 0 0 0
 1 1 1 0 0 0 0 0 0 0 0 0 0 0 1 0 1 1 0 0 0 1 0 1 0 0 0 0 0 0 0 0 0 0 0 1 0
 0 0 0 1 1 0 0 0 0 1 0 0 0 0 0 0 1 0 1 0 0 0 1 0 1 1 0 0 0 1 0 0 0 0 0 0 1
 0 0 0 0 0 1 0 0 0 0 0 0 0 0 0 0 1 1 0 0 0 0 0 0 0 1 0 1 1 1 1 0 1 1 0 0 0
 0 0 1 0 0 0 0 0 0 1 0 1 0 0 0 1 0 0 0 1 1 1 0 1 1 1 0 0 0 1 0 0 0 1 0 1 0
 1 0 0 0 0 0 0 0 0 0 0 0 0 0 1 1 0 1 1 0 0 1 0 1 0 1 0 0 1 0 0 0 1 0]",3,[15  4  4  3  3 15  1  3  7  3  4  4  4  2 15  3],[15  4  4  3  3 15  1  3  7  3 15  4  4  1 15  3],True,True,1.0,1.0,"[np.int64(4), np.int64(1), np.int64(9), np.int64(9), np.int64(7), np.int64(11), np.int64(2), np.int64(3), np.int64(7), np.int64(12), np.int64(13), np.int64(3), np.int64(6), np.int64(1), np.int64(7), np.int64(10)]","[np.int64(2), np.int64(7), np.int64(4), np.int64(2), np.int64(3), np.int64(4), np.int64(6), np.int64(10), np.int64(13), np.int64(14), np.int64(11), np.int64(7), np.int64(3), np.int64(7), np.int64(6), np.int64(2)]",False,False,0.0,0.0,[15  4  7  3  3 15  1  3  7  3  4  4  4  2 15  3],[15  4  4  3  3 15  1  3  7  3  4  4  4  0 15  3],True,True,0.796875,1.0,[15  4  4  3  3 15  1  3  7  3  4  4  4  1 15  3],[15  4  4  3  3 15  1  3  7  3  4  4  4  2 15  3],True,True,0.8125,0.8125
"[0 1 0 0 0 1 0 0 0 0 0 1 0 1 1 0 1 0 0 1 0 0 0 0 0 1 0 0 0 1 1 0 0 0 1 0 0
 0 0 0 1 1 0 0 0 0 1 0 0 1 0 1 1 1 0 0 0 0 0 0 0 0 0 1 0 0 0 1 0 0 0 0 0 1
 0 1 0 0 0 1 1 0 0 1 0 0 0 0 1 1 0 0 1 1 0 1 0 0 0 0 0 0 1 0 0 0 1 1 0 0 0
 0 0 0 0 0 0 0 0 0 0 0 1 1 0 0 1 1 0 0 1 0 0 1 0 0 0 1 1 0 0 0 0 0 0 1 1 0
 1 1 0 0 1 0 1 0 0 0 1 0 0 0 0 0 0 0 1 1 1 1 1 1 0 0 1 0 1 0 0 0 1 0 1 1 0
 0 1 0 0 1 0 0 0 0 0 0 0 1 0 0 0 0 0 0 0 0 0 0 1 1 0 0 0 1 0 0 0 0 0 1 0 1
 1 0 1 1 1 0 0 0 0 1 0 1 1 0 0 1 1 0 0 0 0 1 1 1 0 1 0 0 0 0 0 0 0 1]",7,[11 14 14 15 11 15 10  7 10 10  7  7  5 14  7  7],[11 14 14 15 15 15 10  7 10 10  7  7  5 11  7  7],True,True,1.0,1.0,"[np.int64(1), np.int64(3), np.int64(0), np.int64(6), np.int64(11), np.int64(15), np.int64(15), np.int64(5), np.int64(8), np.int64(3), np.int64(3), np.int64(7), np.int64(6), np.int64(3), np.int64(1), np.int64(3)]","[np.int64(2), np.int64(1), np.int64(6), np.int64(5), np.int64(6), np.int64(3), np.int64(2), np.int64(14), np.int64(0), np.int64(9), np.int64(12), np.int64(4), np.int64(4), np.int64(1), np.int64(2), np.int64(7)]",False,False,0.0,0.0,[11 14 14 15 15 15 11  7 10 10  7  7  5 14  7  7],[14 14 14 15 11 15 11  7 10 10  7  7  5 14  7  7],True,True,0.796875,1.0,[11 14 14 15 11 15 10  7 10 10  7  7  5 11  7  7],[11 14 14 15 11 15 10  7 10 14  7  7  5 11  7  7],True,True,0.8125,0.8125
"[0 0 1 1 1 0 0 1 0 0 0 0 0 0 0 0 0 0 1 0 0 0 0 0 1 0 0 0 1 0 1 0 1 1 1 0 1
 1 1 1 0 1 0 0 1 0 0 1 1 0 0 0 1 0 0 1 0 1 0 0 0 0 1 0 1 0 1 1 0 0 0 0 1 0
 0 0 0 0 0 0 0 0 1 0 0 1 0 0 0 0 0 0 0 0 0 0 0 0 1 0 0 0 0 0 1 1 0 1 0 0 0
 0 1 0 1 1 0 0 0 1 0 0 0 1 0 1 1 0 0 1 0 0 1 0 1 0 1 1 1 1 0 0 0 1 0 0 1 1
 0 0 1 0 1 0 0 0 0 0 0 1 0 0 0 0 0 0 0 0 1 0 1 0 1 0 1 0 0 0 0 0 0 0 1 1 1
 0 0 0 0 1 0 0 0 1 1 0 0 0 0 0 0 0 1 0 0 0 1 0 0 0 0 0 0 0 0 1 0 0 0 1 0 0
 0 0 0 1 0 1 0 0 0 1 0 0 1 0 1 0 0 0 0 0 1 0 0 0 0 0 1 1 0 0 0 0 0 0]",3,[ 3 14  4  3  3  2  9  3  4  3 14  7 14  7  3  9],[ 3 14  9  3  3  2  9  3  4  3 14  7 14  7  3  9],True,True,1.0,1.0,"[np.int64(14), np.int64(8), np.int64(0), np.int64(5), np.int64(7), np.int64(0), np.int64(13), np.int64(9), np.int64(7), np.int64(10), np.int64(15), np.int64(12), np.int64(2), np.int64(10), np.int64(11), np.int64(10)]","[np.int64(13), np.int64(2), np.int64(4), np.int64(0), np.int64(7), np.int64(11), np.int64(6), np.int64(13), np.int64(11), np.int64(1), np.int64(14), np.int64(5), np.int64(15), np.int64(10), np.int64(0), np.int64(7)]",False,False,0.0,0.0,[ 3 14  0  3  3  2  9  3  9  3 14  7 14  7  3  9],[ 3 14  9  3  3  2  9  3  9  3 14  7 14  7  3  9],True,True,0.796875,1.0,[ 3 14  0  3  3  2  9  3  4  3 14  7 14  7  3  9],[ 3 14  0  3  3  2  9  3  4  3 14  7 14  7  3  9],True,True,0.8125,0.8125
"[0 0 0 0 0 1 0 0 1 0 0 0 1 0 0 1 0 1 1 0 0 1 0 0 0 0 1 0 0 1 0 0 0 1 1 0 0
 0 0 0 0 0 0 0 0 1 0 0 0 0 0 0 0 0 1 0 0 0 0 1 0 0 0 0 0 0 0 0 0 0 1 0 0 1
 1 0 0 0 0 0 1 1 0 0 0 0 1 1 0 0 0 1 1 0 0 0 0 0 0 1 1 1 1 1 0 0 0 0 0 0 1
 0 0 0 0 0 0 1 1 1 1 0 0 0 0 0 0 0 1 0 0 0 0 0 0 1 1 1 0 0 0 0 0 1 0 0 0 0
 1 0 0 0 1 1 1 0 0 0 0 0 0 1 0 0 1 0 0 0 0 1 1 0 1 1 1 0 0 0 0 1 0 1 0 0 0
 0 0 1 0 0 0 0 1 0 0 0 0 1 0 0 0 0 1 0 1 1 0 1 0 1 1 0 0 0 0 0 0 0 1 0 1 0
 0 1 0 0 0 0 0 0 1 0 0 0 1 0 0 0 1 0 1 0 0 0 0 0 0 0 1 0 0 0 1 1 0 1]",14,[ 5 10  1  6  6  6 14  6  9 10 14  5 10 10 14 13],[12 10  1  6 10  6 14  6  9 10 14  3 10 10 14 12],True,True,1.0,1.0,"[np.int64(14), np.int64(0), np.int64(12), np.int64(10), np.int64(15), np.int64(8), np.int64(12), np.int64(11), np.int64(12), np.int64(8), np.int64(11), np.int64(11), np.int64(10), np.int64(11), np.int64(10), np.int64(7)]","[np.int64(2), np.int64(13), np.int64(15), np.int64(2), np.int64(1), np.int64(2), np.int64(1), np.int64(15), np.int64(11), np.int64(9), np.int64(1), np.int64(8), np.int64(14), np.int64(0), np.int64(13), np.int64(15)]",False,False,0.0,0.0,[12 10 13  6 10  6 14  6  9 10 14  5 10 10 14 13],[12 10  1  6 10  6 14  6  7 10 14  5 10 10 14 12],True,True,0.796875,1.0,[ 5 10  1  6  6  6 14  6  7 10 14  3 10 10 14 12],[12 10  1  6 10  6 14  6  9 10 14  5 10 10 14 12],True,True,0.8125,0.8125
"[0 1 1 0 0 0 1 1 0 1 1 1 0 0 0 0 1 1 0 0 0 0 0 1 1 0 1 0 0 1 0 0 1 0 0 1 0
 0 0 0 0 1 0 0 0 0 1 0 0 0 1 1 0 0 0 0 0 0 0 1 1 0 1 0 0 0 0 0 0 0 1 0 0 0
 0 0 0 0 0 0 0 0 0 0 0 0 0 0 0 0 0 1 1 1 0 1 1 0 0 0 1 0 1 0 0 1 0 1 0 0 0
 0 1 1 0 0 0 0 0 0 1 0 0 1 0 0 0 0 0 1 0 0 0 0 0 1 0 0 0 0 0 0 0 0 1 0 1 0
 0 0 1 0 0 0 0 1 0 0 0 0 1 1 0 0 0 0 0 0 0 0 0 0 0 1 0 0 1 0 0 1 0 1 1 1 0
 1 0 0 1 1 0 0 0 0 0 1 0 1 0 0 0 0 0 1 0 0 0 0 0 1 0 0 0 1 0 0 0 0 1 1 0 0
 0 0 0 0 1 1 0 0 0 0 0 0 0 0 0 0 0 0 0 0 0 0 0 1 0 0 0 0 0 0 0 0 0 1]",2,[ 2  0  2  2  6 12  0  0  7  2  0  0  3 10  2  5],[ 2  0  2  2  6 12  9  0  7  2  0  3  3 10  2  5],True,True,1.0,1.0,"[np.int64(15), np.int64(5), np.int64(3), np.int64(5), np.int64(13), np.int64(11), np.int64(13), np.int64(0), np.int64(4), np.int64(0), np.int64(9), np.int64(14), np.int64(10), np.int64(2), np.int64(13), np.int64(5)]","[np.int64(10), np.int64(2), np.int64(6), np.int64(13), np.int64(14), np.int64(15), np.int64(5), np.int64(8), np.int64(6), np.int64(7), np.int64(14), np.int64(7), np.int64(11), np.int64(9), np.int64(12), np.int64(2)]",False,False,0.0,0.0,[ 2  0  2  2  6 12  9  0  7  2  0  0  3 11  2  5],[ 2  0  2  2  6 11  0  0  7  2  0  3  3  1  2  5],True,True,0.796875,1.0,[ 2  0  2  2  6 11  9  0  1  2  0  9  3  1  2  5],[ 2  0  2  2  6 11  9  0  1  2  0  9  3 10  2  5],True,True,0.8125,0.8125
"[1 1 1 0 0 0 0 0 0 0 0 0 0 0 0 0 1 1 0 0 0 0 0 0 0 1 0 0 1 0 0 1 1 0 0 0 0
 0 0 1 1 1 0 0 0 0 1 0 0 0 0 0 0 0 0 1 0 0 0 0 0 0 0 1 0 0 0 0 1 1 0 0 0 1
 0 0 0 0 0 1 0 0 0 0 1 0 1 0 1 0 0 0 1 0 0 0 0 0 0 0 0 1 1 1 0 0 0 0 0 0 0
 0 0 0 1 1 0 0 1 0 0 0 0 0 1 0 0 0 0 0 1 0 0 1 0 0 1 0 0 0 0 0 1 1 0 1 1 0
 1 0 0 0 0 0 0 0 0 0 0 1 0 0 0 0 0 0 0 0 0 0 0 1 0 0 0 0 0 0 0 0 0 0 0 0 0
 0 1 1 0 0 0 0 0 1 0 0 0 1 0 1 0 0 0 0 1 1 0 0 0 0 0 0 0 0 0 0 0 0 0 0 1 1
 0 0 0 0 1 0 0 0 0 0 1 0 0 0 0 0 1 0 0 1 0 1 1 0 0 0 1 1 0 0 0 0 0 1]",15,[ 1 15  9 15 15  4  5  3 15 15 10 11  1 12  8 15],[ 1 15  9 15 15  8  5  3 15 15 10 11  1 12  8 15],True,True,1.0,1.0,"[np.int64(14), np.int64(1), np.int64(3), np.int64(10), np.int64(11), np.int64(0), np.int64(0), np.int64(15), np.int64(0), np.int64(4), np.int64(8), np.int64(15), np.int64(9), np.int64(15), np.int64(0), np.int64(3)]","[np.int64(14), np.int64(2), np.int64(14), np.int64(7), np.int64(8), np.int64(13), np.int64(2), np.int64(5), np.int64(9), np.int64(14), np.int64(4), np.int64(0), np.int64(13), np.int64(8), np.int64(14), np.int64(3)]",False,False,0.0,0.0,[ 1 15  8 15 15  4  7  3 15 15 11 13  1 12  8 15],[ 1 15  8 15 15  4  5  3 15 15 10 11  1 12  8 15],False,True,0.796875,1.0,[ 1 15  9 15 15  4  5  3 15 15 11  0  1 12  8 15],[ 1 15  9 15 15  4  5  3 15 15  0  0  1 12  8 15],False,False,0.8125,0.8125
"[0 1 0 0 0 0 0 0 1 0 1 0 0 0 0 0 1 0 1 0 0 0 1 0 1 0 0 0 1 1 0 1 0 1 1 0 1
 0 0 0 0 0 0 0 0 0 0 1 0 0 0 0 1 0 0 1 0 1 0 1 0 1 1 0 0 0 1 1 1 0 0 0 0 1
 0 0 0 0 0 0 0 0 0 0 0 0 0 1 0 1 0 0 1 0 1 0 0 1 0 0 0 0 1 0 0 0 1 0 0 0 0
 0 0 0 0 1 0 1 0 0 0 0 0 0 1 0 0 0 1 1 0 0 0 0 0 0 0 0 0 1 0 0 1 1 0 0 0 1
 1 1 0 0 0 0 0 0 1 0 1 1 1 0 0 0 0 0 1 0 0 0 1 0 1 1 1 0 0 0 0 1 0 0 0 0 1
 0 0 0 0 1 1 0 0 1 0 0 0 1 0 1 0 1 1 0 0 0 0 0 0 1 0 1 0 0 0 0 0 0 1 1 0 1
 0 1 0 0 0 1 0 1 0 0 1 1 1 1 0 0 0 0 0 1 1 0 0 0 0 0 1 1 0 0 0 1 0 1]",9,[ 1 12  4  9  9  9  1  3 15  9 14  3  9 15  9  9],[10 15  4  9  9  9 10 12 14  9 14  3  9  3  9  9],True,True,1.0,1.0,"[np.int64(12), np.int64(1), np.int64(10), np.int64(11), np.int64(6), np.int64(10), np.int64(15), np.int64(12), np.int64(12), np.int64(13), np.int64(3), np.int64(7), np.int64(3), np.int64(10), np.int64(10), np.int64(9)]","[np.int64(3), np.int64(9), np.int64(13), np.int64(12), np.int64(3), np.int64(15), np.int64(0), np.int64(15), np.int64(13), np.int64(14), np.int64(4), np.int64(15), np.int64(2), np.int64(8), np.int64(10), np.int64(1)]",False,False,0.0,0.0,[10 15 15  9  9  9  1  5 14  9 14  3  9  3  9  9],[ 8 15 15  9  9  9 10  3 14  9 12 14  9  3  9  9],True,True,0.796875,1.0,[ 1 12  4  9  9  9  1  3 14  9 12  3  9  3  9  9],[ 1 12  4  9  9  9 10 12 14  9 12  3  9  3  9  9],True,True,0.8125,0.8125
"[0 0 0 0 0 1 0 0 1 0 0 0 1 0 0 1 0 1 1 0 0 1 0 0 0 0 1 0 0 1 0 0 0 1 1 0 0
 0 0 0 0 0 0 0 0 1 0 0 0 0 0 0 0 0 1 0 0 0 0 1 0 0 0 0 0 0 0 0 0 0 1 0 0 1
 1 0 0 0 0 0 1 1 0 0 0 0 1 1 0 0 0 1 1 0 0 0 0 0 0 1 1 1 1 1 0 0 0 0 0 0 1
 0 0 0 0 0 0 1 1 1 1 0 0 0 0 0 0 0 1 0 0 0 0 0 0 1 1 1 0 0 0 0 0 1 0 0 0 0
 1 0 0 0 1 1 1 0 0 0 0 0 0 1 0 0 1 0 0 0 0 1 1 0 1 1 1 0 0 0 0 1 0 1 0 0 0
 0 0 1 0 0 0 0 1 0 0 0 0 1 0 0 0 0 1 0 1 1 0 1 0 1 1 0 0 0 0 0 0 0 1 0 1 0
 0 1 0 0 0 0 0 0 1 0 0 0 1 0 0 0 1 0 1 0 0 0 0 0 0 0 1 0 0 0 1 1 0 1]",14,[ 5 10  1  6 10  6 14  6  9 10 14  5 10 10 14 12],[12 10 13  6 10  6 14  6  9 10 14  3 10 10 14 12],True,True,1.0,1.0,"[np.int64(12), np.int64(6), np.int64(13), np.int64(4), np.int64(5), np.int64(0), np.int64(14), np.int64(2), np.int64(14), np.int64(12), np.int64(11), np.int64(4), np.int64(6), np.int64(10), np.int64(9), np.int64(14)]","[np.int64(12), np.int64(6), np.int64(2), np.int64(9), np.int64(5), np.int64(10), np.int64(5), np.int64(8), np.int64(15), np.int64(7), np.int64(12), np.int64(15), np.int64(6), np.int64(12), np.int64(8), np.int64(14)]",False,False,0.0,0.0,[12 10  1  6 10  6 14  6  9 10 14  5 10 10 14 12],[ 5 10  1  6 10  6 14  6  7 10 14  5 10 10 14 13],True,True,0.796875,1.0,[ 5 10  1  6  6  6 14  6  7 10 14  3 10 10 14 12],[12 10  1  6 10  6 14  6  9 10 14  5 10 10 14 12],True,True,0.8125,0.8125
"[1 0 0 0 0 0 0 0 0 0 1 0 0 0 1 0 0 1 0 0 0 0 1 0 1 1 0 0 0 0 0 0 0 0 1 1 0
 0 0 0 0 0 1 1 0 0 1 1 0 0 1 1 0 0 0 0 1 1 0 0 0 0 0 0 0 0 0 0 0 1 0 1 1 1
 1 0 0 0 0 0 0 0 0 0 1 0 0 0 0 0 0 1 0 0 1 0 0 1 0 0 0 0 0 1 1 1 0 0 0 0 0
 1 0 0 0 0 1 0 1 0 0 0 0 0 0 1 1 1 0 1 0 1 1 0 1 0 0 1 0 0 0 0 0 1 0 1 0 1
 1 0 1 0 1 0 0 0 0 0 1 0 1 0 1 0 1 0 0 0 0 0 0 0 1 0 1 1 0 0 1 0 0 1 0 0 0
 0 0 0 1 0 0 0 0 0 0 0 0 0 0 0 0 0 1 1 0 1 1 0 0 0 0 0 0 0 0 1 0 0 0 0 1 0
 0 1 1 0 1 0 0 1 0 1 0 1 1 0 1 0 0 1 0 0 1 0 0 0 1 1 1 0 1 0 0 1 1 0]",7,[14  6 14  2  7  4  7  7  4  6 14  5 14  7  7  7],[14  6 15  2  7 14  7  7 15  4 15  5 14  7  7  7],True,True,1.0,1.0,"[np.int64(13), np.int64(13), np.int64(5), np.int64(6), np.int64(9), np.int64(1), np.int64(7), np.int64(13), np.int64(1), np.int64(5), np.int64(1), np.int64(13), np.int64(0), np.int64(5), np.int64(10), np.int64(4)]","[np.int64(0), np.int64(2), np.int64(7), np.int64(4), np.int64(15), np.int64(14), np.int64(9), np.int64(9), np.int64(0), np.int64(13), np.int64(8), np.int64(13), np.int64(4), np.int64(14), np.int64(12), np.int64(12)]",False,False,0.0,0.0,[14  6 15  9  7  4  7  7  6  4  4 12 13  7  7  7],[14  6 14  8  7  4  7  7 15  6 14 12 14  7  7  7],True,True,0.796875,1.0,[14  6 15  2  7  4  7  7  4  4  4  2 13  7  7  7],[14  6 15  8  7 14  7  7 15  6 15  5 13  7  7  7],True,True,0.8125,0.8125
"[0 0 0 0 0 0 0 0 1 0 0 0 0 0 0 0 0 0 0 0 0 0 0 0 0 0 1 1 1 0 1 0 0 0 1 0 0
 0 0 0 0 0 0 1 0 1 1 0 0 0 0 1 0 0 0 0 0 1 0 0 0 1 0 0 0 0 0 0 1 0 0 0 0 0
 1 0 1 1 0 1 0 0 0 0 0 0 0 0 0 1 0 0 0 0 1 0 0 0 0 0 0 0 0 0 1 1 1 0 1 0 0
 0 0 0 0 0 0 0 0 0 0 1 0 0 0 1 0 0 1 0 0 0 0 0 1 0 0 0 0 0 0 1 0 0 0 0 0 1
 0 1 1 1 0 1 0 0 0 0 0 0 0 1 0 0 1 0 1 0 0 0 0 0 0 0 0 0 0 1 1 0 0 0 0 0 0
 0 0 1 1 1 1 0 0 1 0 0 1 0 1 0 0 0 0 1 1 0 0 0 0 0 1 1 1 0 0 1 1 0 0 1 0 0
 1 1 0 1 1 0 0 1 0 0 0 0 0 1 0 1 1 1 0 0 0 0 1 0 0 0 0 0 0 0 0 1 1 0]",3,[ 8 11 13  3 13  9  9  9 13  3  6 13  4  3 13 13],[ 8 14 13  3 13  9  9 13 13  3  4 13 11  3 13 13],True,True,1.0,1.0,"[np.int64(15), np.int64(5), np.int64(14), np.int64(13), np.int64(12), np.int64(3), np.int64(3), np.int64(1), np.int64(15), np.int64(2), np.int64(6), np.int64(3), np.int64(1), np.int64(13), np.int64(1), np.int64(5)]","[np.int64(10), np.int64(15), np.int64(12), np.int64(10), np.int64(5), np.int64(6), np.int64(5), np.int64(15), np.int64(3), np.int64(3), np.int64(15), np.int64(2), np.int64(15), np.int64(13), np.int64(2), np.int64(9)]",False,False,0.0,0.0,[ 8 11 13  3 13  9  9 13 13  3  6 13  4  3 13 13],[ 8 11 13  3 13  9  9  9 13  3  4 13  4  3 13 13],True,True,0.796875,1.0,[ 8 11 13  3 13  9  9  9 13  3  4 13  4  3 13 13],[ 8 14 13  3 13  9  9 13 13  3  4 13  4  3 13 13],True,True,0.8125,0.8125
"[0 0 0 0 1 0 1 0 0 0 0 0 1 0 1 0 0 0 1 0 0 0 0 1 0 0 0 1 0 0 0 0 0 1 1 1 0
 1 0 0 0 0 0 0 0 0 0 0 0 0 1 0 0 0 0 0 0 0 0 0 1 0 0 0 1 0 0 0 1 0 0 0 1 0
 0 0 0 0 0 0 0 0 1 0 0 0 0 0 0 0 0 0 0 0 1 1 1 0 0 0 0 0 0 1 0 0 0 0 0 0 0
 0 0 1 0 0 0 0 1 1 0 0 0 1 0 0 0 0 0 0 0 0 1 0 0 0 1 0 1 0 0 1 0 1 0 0 0 0
 0 0 0 0 0 0 0 0 0 1 1 0 0 0 0 0 0 0 0 0 1 0 0 0 0 1 0 1 0 1 0 0 0 0 0 1 0
 0 0 1 0 1 0 0 1 0 0 1 0 0 0 0 0 0 0 0 0 1 0 0 0 0 0 0 0 0 0 0 1 1 1 1 1 0
 0 0 1 0 0 0 0 1 0 0 0 1 0 0 0 0 0 0 0 0 0 0 0 1 0 0 1 0 1 0 0 0 0 1]",5,[14  2  5  2  0  5  0  1 15 14 15  1  3  9  5  5],[14  2  5  2  8  5  0  1 15 14 15  1  0  9  5  5],True,True,1.0,1.0,"[np.int64(12), np.int64(14), np.int64(4), np.int64(0), np.int64(7), np.int64(13), np.int64(4), np.int64(1), np.int64(15), np.int64(15), np.int64(11), np.int64(2), np.int64(2), np.int64(0), np.int64(7), np.int64(7)]","[np.int64(3), np.int64(1), np.int64(12), np.int64(4), np.int64(14), np.int64(4), np.int64(2), np.int64(0), np.int64(8), np.int64(13), np.int64(0), np.int64(8), np.int64(14), np.int64(9), np.int64(3), np.int64(1)]",False,False,0.0,0.0,[14  2  5  2  8  5  0  1 15 14 15  1  3  9  5  5],[14  2  5  2  0  5  0  1 15 14 15  1  0  8  5  5],True,True,0.796875,1.0,[14  2  5  2  0  5  0  1 15 14 15  1  0  8  5  5],[14  2  5  2  0  5  0  1 15 14 15  1  3  9  5  5],True,True,0.8125,0.8125
"[0 0 0 0 0 0 1 0 1 1 1 0 0 0 0 1 0 0 0 0 0 0 1 0 0 0 0 0 0 1 0 0 0 0 0 1 0
 0 0 0 1 0 1 0 0 0 1 0 0 0 1 1 0 0 1 0 0 0 0 1 0 0 0 0 0 0 0 0 1 0 0 0 1 0
 1 0 0 0 0 0 0 0 0 0 0 0 0 0 0 1 1 0 0 1 0 1 1 1 0 1 0 0 0 0 0 0 0 0 0 1 0
 0 0 0 0 0 0 0 0 0 0 1 1 0 0 1 0 0 1 0 1 0 1 0 0 0 1 0 0 0 0 0 1 1 1 0 0 0
 0 1 0 1 0 1 0 1 0 0 0 0 1 0 1 0 1 1 0 1 0 0 0 0 0 0 0 0 0 0 0 1 0 0 0 0 0
 1 0 1 1 0 0 0 0 0 0 0 0 0 0 0 0 0 0 1 0 0 0 0 0 1 0 0 0 1 1 1 0 0 0 0 0 0
 0 0 0 0 1 0 0 0 0 0 1 0 0 0 0 0 0 0 1 0 0 0 0 1 0 0 1 0 0 0 0 0 0 1]",11,[ 9  6  3 11  8  9  3  9  2 11  5 11 11  6  2  5],[ 9  6  3 11  8  9  3  9  0 11  0 11 11  5  2  0],True,True,1.0,1.0,"[np.int64(8), np.int64(4), np.int64(8), np.int64(14), np.int64(13), np.int64(0), np.int64(0), np.int64(2), np.int64(10), np.int64(1), np.int64(11), np.int64(13), np.int64(7), np.int64(7), np.int64(1), np.int64(0)]","[np.int64(7), np.int64(7), np.int64(11), np.int64(13), np.int64(13), np.int64(9), np.int64(14), np.int64(10), np.int64(15), np.int64(13), np.int64(11), np.int64(13), np.int64(6), np.int64(12), np.int64(15), np.int64(12)]",False,False,0.0,0.0,[ 9  6  3 11 10  9  3  9  2 11  2 11 11  7  2  0],[ 9  6  3 11  8  9  3  9  0 11  2 11 11  6  2  0],True,True,0.796875,1.0,[ 9  6  3 11  8  9  3  9  0 11  0 11 11  5  2  0],[ 9  6  3 11  8  9  3  9  0 11  0 11 11  6  2  0],True,True,0.8125,0.8125
"[1 0 0 1 0 0 1 0 0 1 0 0 0 0 0 0 0 1 0 1 0 0 0 1 0 0 0 0 0 0 0 0 0 0 1 0 0
 0 1 0 0 0 0 0 1 1 0 1 1 1 0 1 0 0 0 0 0 1 1 1 0 0 0 1 0 0 0 0 0 0 0 0 0 0
 1 1 1 0 0 0 0 0 0 0 0 0 0 1 0 0 0 0 1 0 0 0 1 0 1 0 0 0 1 0 1 0 0 1 1 0 1
 0 0 1 0 0 0 1 0 1 0 1 0 0 0 0 0 1 0 0 0 0 0 0 1 0 1 0 0 0 0 1 0 0 1 0 0 1
 0 0 0 1 0 1 0 1 0 0 1 0 0 0 0 1 1 0 0 0 0 0 0 0 0 1 0 0 0 0 0 1 1 0 1 0 0
 1 0 0 1 0 1 1 0 0 1 0 1 1 1 0 0 0 0 1 0 0 0 0 0 0 1 0 0 0 0 0 1 0 1 0 0 1
 0 0 0 0 0 0 0 0 1 0 0 1 0 1 0 0 1 1 0 0 1 1 0 0 0 1 0 0 0 1 0 0 1 0]",3,[ 3  3 15  3 11  7 11  1 13  3  3  3 11 10 15  3],[ 3  3 15  3 11  7 11  9 13  3  3  3 11 10  9  3],True,True,1.0,1.0,"[np.int64(13), np.int64(3), np.int64(14), np.int64(8), np.int64(13), np.int64(10), np.int64(6), np.int64(1), np.int64(13), np.int64(5), np.int64(14), np.int64(3), np.int64(4), np.int64(1), np.int64(10), np.int64(12)]","[np.int64(1), np.int64(12), np.int64(8), np.int64(2), np.int64(0), np.int64(14), np.int64(6), np.int64(5), np.int64(10), np.int64(12), np.int64(14), np.int64(12), np.int64(12), np.int64(14), np.int64(1), np.int64(1)]",False,False,0.0,0.0,[ 3  3 15  3 10 12  0  9 13  3  3  3 11 10 11  3],[ 3  3 15  3 11  7  0 15 13  3  3  3 11 10  9  3],True,True,0.796875,1.0,[ 3  3 15  3 10  7  0  1  6  3  3  3 11 10  9  3],[ 3  3 15  3 11  7  0  9  6  3  3  3 11 10 15  3],True,True,0.8125,0.8125
"[0 0 0 1 1 0 1 0 0 0 0 0 0 0 0 0 0 0 0 1 1 0 0 1 0 0 1 0 0 0 1 1 0 0 0 0 0
 0 0 0 0 0 0 0 0 0 1 0 1 1 0 1 1 0 0 0 0 0 0 0 1 1 1 1 1 1 0 1 1 0 1 0 0 0
 1 1 0 0 1 0 0 0 0 0 0 1 0 0 0 0 0 0 0 1 0 0 1 0 0 0 1 0 0 0 1 0 0 0 0 0 0
 0 0 1 0 0 0 0 0 0 1 0 1 1 0 0 0 0 0 0 0 0 0 0 1 1 1 0 0 0 0 1 1 1 0 0 0 0
 0 0 0 0 0 0 0 0 0 0 0 0 0 1 0 0 1 0 0 1 0 0 0 0 0 0 0 0 0 0 0 0 1 0 0 1 0
 0 0 1 0 0 0 0 0 0 0 1 0 0 0 0 0 0 0 0 1 0 0 0 0 0 0 1 0 1 0 0 1 0 0 0 0 0
 0 0 0 1 1 1 1 0 0 0 1 0 0 0 0 0 1 0 0 1 0 1 0 0 0 0 1 0 0 0 0 0 0 1]",8,[ 6 15 14 13 14 13  8  8  8  9  7  7  3  8  8  8],[ 6 15 14 13 14 13  8  8  8  9  7  7  3  8  8  8],True,True,1.0,1.0,"[np.int64(12), np.int64(0), np.int64(1), np.int64(15), np.int64(3), np.int64(3), np.int64(7), np.int64(10), np.int64(0), np.int64(2), np.int64(10), np.int64(8), np.int64(9), np.int64(9), np.int64(14), np.int64(11)]","[np.int64(6), np.int64(10), np.int64(12), np.int64(7), np.int64(2), np.int64(8), np.int64(5), np.int64(13), np.int64(8), np.int64(14), np.int64(14), np.int64(7), np.int64(0), np.int64(10), np.int64(4), np.int64(7)]",False,False,0.0,0.0,[ 6 14 14 13 14 13  8  8  8 12  7  7  3  8  8  8],[ 6 15 14 13  6 13  8  8  8  9  7  7  3  8  8  8],False,True,0.796875,1.0,[ 6  7 14 13  6 13  8  8  8  0  7  7  3  8  8  8],[ 6 15 14 15 14 13  8  8  8  0  7  7  3  8  8  8],False,False,0.8125,0.8125
"[0 0 0 0 0 1 0 0 1 0 0 0 1 0 0 1 0 1 1 0 0 1 0 0 0 0 1 0 0 1 0 0 0 1 1 0 0
 0 0 0 0 0 0 0 0 1 0 0 0 0 0 0 0 0 1 0 0 0 0 1 0 0 0 0 0 0 0 0 0 0 1 0 0 1
 1 0 0 0 0 0 1 1 0 0 0 0 1 1 0 0 0 1 1 0 0 0 0 0 0 1 1 1 1 1 0 0 0 0 0 0 1
 0 0 0 0 0 0 1 1 1 1 0 0 0 0 0 0 0 1 0 0 0 0 0 0 1 1 1 0 0 0 0 0 1 0 0 0 0
 1 0 0 0 1 1 1 0 0 0 0 0 0 1 0 0 1 0 0 0 0 1 1 0 1 1 1 0 0 0 0 1 0 1 0 0 0
 0 0 1 0 0 0 0 1 0 0 0 0 1 0 0 0 0 1 0 1 1 0 1 0 1 1 0 0 0 0 0 0 0 1 0 1 0
 0 1 0 0 0 0 0 0 1 0 0 0 1 0 0 0 1 0 1 0 0 0 0 0 0 0 1 0 0 0 1 1 0 1]",14,[ 5 10  1  6  6  6 14  6  7 10 14  3 10 10 14 13],[12 10  1  6 10  6 14  6  9 10 14  3 10 10 14 12],True,True,1.0,1.0,"[np.int64(13), np.int64(7), np.int64(7), np.int64(9), np.int64(10), np.int64(3), np.int64(11), np.int64(5), np.int64(4), np.int64(8), np.int64(1), np.int64(15), np.int64(15), np.int64(12), np.int64(3), np.int64(12)]","[np.int64(6), np.int64(4), np.int64(3), np.int64(11), np.int64(14), np.int64(10), np.int64(5), np.int64(3), np.int64(4), np.int64(14), np.int64(13), np.int64(1), np.int64(10), np.int64(1), np.int64(7), np.int64(9)]",False,False,0.0,0.0,[ 5 10  1  6  6  6 14  6  7 10 14  3 10 10 14 13],[ 5 10  1  6  6  6 14  6  9 10 14  3 10 10 14 13],True,True,0.796875,1.0,[ 5 10  1  6  6  6 14  6  7 10 14  3 10 10 14 12],[12 10  1  6 10  6 14  6  9 10 14  5 10 10 14 12],True,True,0.8125,0.8125
"[0 0 1 0 1 0 0 0 0 0 0 0 0 0 0 0 0 0 0 0 1 0 0 0 0 1 1 0 0 0 0 0 1 0 0 0 0
 1 1 0 0 1 0 0 0 1 1 0 0 0 0 1 0 0 1 0 0 0 0 0 0 0 0 0 1 1 0 0 0 1 0 0 0 1
 1 1 0 0 1 0 0 0 1 0 1 0 1 0 0 0 0 0 0 0 0 0 0 0 1 1 0 1 0 1 0 0 0 0 0 0 0
 0 0 0 0 0 0 0 1 1 1 0 0 0 0 1 1 0 0 0 0 0 0 0 0 1 0 0 0 1 0 0 0 0 0 1 1 0
 1 0 0 0 0 1 0 0 0 0 0 0 0 1 0 0 1 0 0 0 0 0 1 0 0 0 0 0 0 0 0 0 1 0 0 0 1
 0 0 0 0 1 0 0 0 0 0 0 0 0 0 0 0 0 0 0 1 0 0 1 0 0 1 0 0 0 0 1 0 0 0 1 0 0
 0 0 0 0 1 0 1 0 0 1 0 0 0 0 0 0 0 0 0 0 0 0 0 0 0 0 0 0 0 0 1 0 0 0]",3,[ 2  9  6  3  5  6  3  6  7  2  4 13 12  7  7 15],[ 2  4  6  3  5  6  3  6  7  2  4 13 12  7  7 15],True,True,1.0,1.0,"[np.int64(3), np.int64(5), np.int64(8), np.int64(0), np.int64(2), np.int64(15), np.int64(12), np.int64(4), np.int64(14), np.int64(4), np.int64(14), np.int64(2), np.int64(8), np.int64(15), np.int64(3), np.int64(13)]","[np.int64(5), np.int64(5), np.int64(6), np.int64(1), np.int64(2), np.int64(2), np.int64(9), np.int64(9), np.int64(7), np.int64(13), np.int64(6), np.int64(2), np.int64(14), np.int64(2), np.int64(12), np.int64(9)]",False,False,0.0,0.0,[ 2  4  6  3  5  6  3  6  7  2  4  8  5  7  2 12],[ 2  9  6  3  5  6  3  6  7  2  4  4 12  7  7 15],False,True,0.796875,1.0,[ 2  4  6  3  5  6  3  6  7  2  4  4  0  2  2 12],[ 2  9  6  3  5  6  3  6  7  2  4 13  0  7  7  0],False,False,0.8125,0.8125
"[0 1 0 0 0 0 0 0 0 0 0 0 0 0 0 0 1 1 1 1 1 1 1 1 1 0 0 0 0 0 0 0 0 1 1 0 0
 0 0 1 0 0 1 0 1 1 0 0 0 1 0 0 0 0 0 0 0 0 0 0 1 0 0 0 0 1 0 0 0 0 1 0 0 1
 0 1 0 0 0 0 0 1 0 0 0 0 0 0 1 0 0 0 0 1 1 0 0 1 0 0 1 0 0 0 0 0 0 0 1 1 1
 1 0 1 1 0 0 0 0 1 1 1 0 1 0 0 0 1 0 1 0 0 0 1 0 1 1 0 0 0 0 1 0 1 0 0 0 0
 1 0 0 1 0 1 0 0 0 0 0 0 0 0 1 0 0 0 0 0 0 0 1 0 1 0 0 1 0 0 0 0 1 0 0 1 0
 0 0 0 0 0 1 0 0 0 1 1 0 0 1 0 0 0 1 0 0 0 1 0 0 0 1 0 0 1 1 0 1 0 0 0 0 0
 1 1 0 0 0 0 0 1 1 0 0 0 0 1 1 1 1 0 0 0 0 0 0 0 1 1 1 0 1 0 0 1 0 1]",4,[ 1  4  1  1  4  1  4  1  1  4  2  4  6  6 11  6],[ 1  4  1  1  4  1  4  1  1  4  2  4  6  6 11  6],True,True,1.0,1.0,"[np.int64(1), np.int64(2), np.int64(8), np.int64(14), np.int64(1), np.int64(0), np.int64(9), np.int64(5), np.int64(13), np.int64(15), np.int64(11), np.int64(11), np.int64(1), np.int64(6), np.int64(8), np.int64(15)]","[np.int64(6), np.int64(14), np.int64(8), np.int64(8), np.int64(13), np.int64(12), np.int64(4), np.int64(9), np.int64(10), np.int64(8), np.int64(14), np.int64(15), np.int64(4), np.int64(6), np.int64(10), np.int64(4)]",False,False,0.0,0.0,[ 1  4  1  1  4  1  4 11  1  4 15  4  6  6  6  6],[ 1  4  1  1  4  1  4 11  1  4 15  4  6  6 11  6],True,True,0.796875,1.0,[1 4 1 1 4 1 4 1 1 4 2 4 6 6 6 6],[ 1  4  1  1  4  1  4 11  1  4 12  4  6  6 11  6],True,True,0.8125,0.8125
"[1 1 1 0 0 0 0 0 0 0 0 0 0 0 0 0 1 1 0 0 0 0 0 0 0 1 0 0 1 0 0 1 1 0 0 0 0
 0 0 1 1 1 0 0 0 0 1 0 0 0 0 0 0 0 0 1 0 0 0 0 0 0 0 1 0 0 0 0 1 1 0 0 0 1
 0 0 0 0 0 1 0 0 0 0 1 0 1 0 1 0 0 0 1 0 0 0 0 0 0 0 0 1 1 1 0 0 0 0 0 0 0
 0 0 0 1 1 0 0 1 0 0 0 0 0 1 0 0 0 0 0 1 0 0 1 0 0 1 0 0 0 0 0 1 1 0 1 1 0
 1 0 0 0 0 0 0 0 0 0 0 1 0 0 0 0 0 0 0 0 0 0 0 1 0 0 0 0 0 0 0 0 0 0 0 0 0
 0 1 1 0 0 0 0 0 1 0 0 0 1 0 1 0 0 0 0 1 1 0 0 0 0 0 0 0 0 0 0 0 0 0 0 1 1
 0 0 0 0 1 0 0 0 0 0 1 0 0 0 0 0 1 0 0 1 0 1 1 0 0 0 1 1 0 0 0 0 0 1]",15,[ 1 15  9 15 15  4  5  3 15 15 10 11  1 12  8 15],[ 1 15  9 15 15  4  5  3 15 15 10 11  1 12  8 15],True,True,1.0,1.0,"[np.int64(5), np.int64(8), np.int64(14), np.int64(10), np.int64(6), np.int64(14), np.int64(15), np.int64(5), np.int64(13), np.int64(11), np.int64(2), np.int64(7), np.int64(14), np.int64(5), np.int64(10), np.int64(8)]","[np.int64(3), np.int64(5), np.int64(9), np.int64(0), np.int64(13), np.int64(8), np.int64(0), np.int64(8), np.int64(5), np.int64(15), np.int64(1), np.int64(7), np.int64(13), np.int64(5), np.int64(3), np.int64(3)]",False,False,0.0,0.0,[ 1 15  9 15 15  4  5  3 15 15 11 15  1 12  8 15],[ 1 15  9 15 15  4  7  3 15 15 10 11  1 12  8 15],False,True,0.796875,1.0,[ 1 15  9 15 15  4  5  3 15 15 11  0  1 12  8 15],[ 1 15  9 15 15  4  5  3 15 15  0  0  1 12  8 15],False,False,0.8125,0.8125
"[1 0 0 0 0 1 0 0 1 1 0 1 0 0 0 0 0 0 0 1 0 1 1 0 0 1 0 0 1 1 0 0 0 0 1 1 1
 1 0 0 0 0 0 0 0 0 1 1 0 1 1 1 0 1 1 1 0 0 0 1 0 0 0 0 0 0 1 0 1 0 0 0 0 0
 0 1 0 0 0 0 1 1 1 1 0 0 0 0 1 0 1 0 0 0 1 0 0 1 0 1 0 0 0 0 1 0 0 0 0 0 1
 0 0 0 0 1 0 0 0 1 0 0 0 0 0 1 0 0 1 0 0 0 0 1 1 0 0 0 1 0 1 1 0 0 1 1 0 0
 0 0 0 0 0 1 1 0 0 1 0 0 0 0 0 0 0 1 0 0 1 1 1 0 1 0 0 0 1 0 0 1 1 0 0 0 0
 0 0 1 1 0 1 0 0 1 0 0 0 0 0 0 1 0 1 1 0 0 0 0 0 1 0 0 0 0 0 1 1 1 0 0 0 0
 0 0 0 0 1 0 0 1 1 0 0 0 0 1 0 0 0 0 0 0 1 0 0 0 0 0 0 0 0 0 0 0 0 0]",5,[ 5  5  5  5  2  5  1  3  5  1  5  0 10  8  5  2],[ 5  5  5  5  2  5  8  3  5 10  5  0 10  1  5  2],True,True,1.0,1.0,"[np.int64(12), np.int64(3), np.int64(5), np.int64(9), np.int64(13), np.int64(0), np.int64(12), np.int64(11), np.int64(14), np.int64(9), np.int64(11), np.int64(7), np.int64(7), np.int64(13), np.int64(9), np.int64(13)]","[np.int64(8), np.int64(15), np.int64(7), np.int64(15), np.int64(6), np.int64(0), np.int64(6), np.int64(12), np.int64(13), np.int64(7), np.int64(8), np.int64(4), np.int64(5), np.int64(6), np.int64(0), np.int64(15)]",False,False,0.0,0.0,[5 5 5 5 2 5 3 3 5 1 5 3 8 8 5 2],[5 5 5 5 2 5 1 3 5 1 5 0 8 8 5 2],True,True,0.796875,1.0,[5 5 5 5 2 5 1 3 5 0 5 0 1 1 5 2],[ 5  5  5  5  2  5  8  3  5  1  5 14  8  8  5  2],True,True,0.8125,0.8125
"[0 0 1 0 0 0 0 0 0 0 1 0 1 0 0 1 0 1 0 1 0 1 0 1 1 0 0 1 1 0 0 0 1 0 1 0 1
 0 0 0 0 0 0 0 1 0 0 1 0 1 0 0 0 0 0 1 0 0 0 1 0 0 0 0 0 0 1 0 0 1 1 0 0 1
 0 0 0 0 0 0 0 1 0 0 1 1 0 0 1 1 0 1 0 0 0 0 0 0 0 0 1 0 0 1 0 1 1 1 0 0 0
 0 0 1 0 1 0 0 1 0 0 0 0 0 1 0 0 0 0 1 0 0 0 1 0 0 1 0 0 0 0 0 0 0 0 0 0 0
 1 1 1 0 0 0 0 0 0 1 1 0 1 0 0 0 0 0 1 0 0 0 0 1 0 0 1 0 0 1 0 1 0 1 1 0 0
 0 1 0 0 1 0 0 1 1 1 0 0 0 0 1 0 0 0 0 0 0 0 0 0 0 0 0 0 0 0 0 0 1 0 1 0 1
 0 0 0 0 0 0 0 0 0 0 0 1 1 0 0 0 1 0 1 0 1 0 0 0 0 0 0 0 0 0 0 0 0 1]",5,[ 2  5  4 11  5  5 11  1  5  5 11  5  1 11  9  2],[ 2  5  4  1  5  5  4  1  5  5 11  5  1  9  9  2],True,True,1.0,1.0,"[np.int64(11), np.int64(4), np.int64(4), np.int64(3), np.int64(1), np.int64(9), np.int64(8), np.int64(2), np.int64(0), np.int64(7), np.int64(5), np.int64(15), np.int64(1), np.int64(12), np.int64(11), np.int64(5)]","[np.int64(10), np.int64(6), np.int64(7), np.int64(1), np.int64(14), np.int64(9), np.int64(0), np.int64(12), np.int64(2), np.int64(11), np.int64(12), np.int64(9), np.int64(14), np.int64(9), np.int64(14), np.int64(4)]",False,False,0.0,0.0,[ 2  5  4 11  5  5  4  1  5  5 11  5  1 11  9  2],[ 2  5  4  1  5  5 11  1  5  5 11  5  1  9  9  2],True,True,0.796875,1.0,[ 2  5  4  1  5  5  4  1  5  5 11  5  1  9  9  2],[ 2  5  4  1  5  5  9  1  5  5 11  5  1  9  9  2],True,True,0.8125,0.8125
"[0 0 1 1 0 0 0 1 0 1 0 1 0 0 0 0 0 0 0 0 0 1 1 0 1 0 0 0 1 0 0 0 1 0 0 0 0
 0 1 0 1 1 0 1 1 0 0 0 1 0 0 1 1 0 0 0 0 0 0 0 0 0 0 1 0 0 0 1 1 0 0 0 0 0
 0 1 1 1 0 0 0 1 0 0 0 0 0 0 0 0 0 0 1 0 0 0 0 1 1 0 0 0 1 0 0 1 0 0 0 1 0
 0 1 0 0 0 0 0 0 1 0 1 1 0 0 0 0 0 0 1 1 0 0 0 0 0 1 0 0 0 0 0 0 0 1 0 1 0
 0 0 1 1 0 0 0 0 0 0 1 0 0 0 0 0 0 0 0 1 0 0 1 1 0 0 0 1 1 0 1 0 1 0 0 0 0
 0 1 0 1 0 0 0 0 1 1 0 1 1 0 0 0 0 0 1 0 0 0 0 0 0 0 0 1 0 1 0 0 0 0 0 0 0
 1 1 0 0 0 0 0 0 0 0 0 1 0 0 0 1 1 0 0 0 0 1 0 0 0 0 0 0 1 0 0 1 0 0]",7,[ 7  6  9  0 11  1  9  7  2  7  7 10  2 14  9 10],[ 7  6  9  0 11  1  9  7  2  7  7  0  2  6  9 10],True,True,1.0,1.0,"[np.int64(11), np.int64(0), np.int64(12), np.int64(14), np.int64(15), np.int64(1), np.int64(11), np.int64(12), np.int64(14), np.int64(12), np.int64(8), np.int64(11), np.int64(5), np.int64(15), np.int64(3), np.int64(9)]","[np.int64(12), np.int64(0), np.int64(13), np.int64(4), np.int64(1), np.int64(5), np.int64(10), np.int64(6), np.int64(1), np.int64(8), np.int64(13), np.int64(2), np.int64(4), np.int64(1), np.int64(14), np.int64(2)]",False,False,0.0,0.0,[ 7  6  9  0 11 12  9  7  2  7  7 10  2 15  9 10],[ 7  6  9  0  3  1  9  7  2  7  7 10  2  6  9 10],True,True,0.796875,1.0,[ 7  6  9  0  3  1  9  7  2  7  7 10  2  6  9 10],[ 7  6  9  0  3  1  9  7  2  7  7 10 11  6  9 10],True,True,0.8125,0.8125
"[0 0 1 1 0 0 0 1 0 1 0 1 0 0 0 0 0 0 0 0 0 1 1 0 1 0 0 0 1 0 0 0 1 0 0 0 0
 0 1 0 1 1 0 1 1 0 0 0 1 0 0 1 1 0 0 0 0 0 0 0 0 0 0 1 0 0 0 1 1 0 0 0 0 0
 0 1 1 1 0 0 0 1 0 0 0 0 0 0 0 0 0 0 1 0 0 0 0 1 1 0 0 0 1 0 0 1 0 0 0 1 0
 0 1 0 0 0 0 0 0 1 0 1 1 0 0 0 0 0 0 1 1 0 0 0 0 0 1 0 0 0 0 0 0 0 1 0 1 0
 0 0 1 1 0 0 0 0 0 0 1 0 0 0 0 0 0 0 0 1 0 0 1 1 0 0 0 1 1 0 1 0 1 0 0 0 0
 0 1 0 1 0 0 0 0 1 1 0 1 1 0 0 0 0 0 1 0 0 0 0 0 0 0 0 1 0 1 0 0 0 0 0 0 0
 1 1 0 0 0 0 0 0 0 0 0 1 0 0 0 1 1 0 0 0 0 1 0 0 0 0 0 0 1 0 0 1 0 0]",7,[ 7  6  9  0  3 12  9  7  2  7  7  0  2 15  9 10],[ 7  6  9  0 11 12  9  7  2  7  7 10  2 15  9 10],True,True,1.0,1.0,"[np.int64(11), np.int64(15), np.int64(15), np.int64(1), np.int64(9), np.int64(0), np.int64(12), np.int64(1), np.int64(1), np.int64(3), np.int64(12), np.int64(6), np.int64(11), np.int64(5), np.int64(12), np.int64(9)]","[np.int64(11), np.int64(4), np.int64(4), np.int64(10), np.int64(4), np.int64(6), np.int64(15), np.int64(7), np.int64(14), np.int64(9), np.int64(11), np.int64(7), np.int64(13), np.int64(9), np.int64(2), np.int64(4)]",False,False,0.0,0.0,[ 7  6  9  0  3  1  2  7  2  7  7 10 11 15  9 10],[ 7  6  0  0  3  1  9  7  2  7  7 10 11 14  9 10],False,True,0.796875,1.0,[ 7  6  9  0  3  1  9  7  2  7  7 10  2  6  9 10],[ 7  6  9  0  3  1  9  7  2  7  7 10 11  6  9 10],True,True,0.8125,0.8125
"[0 0 0 0 0 0 0 0 0 0 1 1 0 1 1 0 0 1 0 0 0 0 0 1 1 0 0 0 1 0 1 0 0 0 1 0 0
 0 0 0 0 0 0 0 1 0 0 0 0 0 0 0 1 1 1 0 0 1 0 1 0 0 0 0 0 0 0 1 0 0 0 1 1 1
 0 0 0 0 0 0 0 0 0 1 0 0 0 0 0 1 1 1 0 0 0 0 0 0 0 1 0 0 0 0 0 0 0 0 0 0 0
 0 0 1 0 0 1 0 0 1 0 1 1 0 0 0 0 0 0 1 0 0 1 0 0 0 0 0 0 1 1 0 0 1 0 0 0 1
 1 1 0 1 0 0 0 0 0 0 1 0 1 0 0 0 0 1 0 1 0 0 0 0 1 0 0 0 1 0 0 1 0 1 0 0 1
 0 0 0 0 0 1 1 0 1 1 0 0 0 0 0 1 0 1 0 0 0 0 0 1 0 0 0 0 0 0 0 0 0 0 0 0 0
 0 0 1 1 0 0 0 0 0 0 0 1 0 1 0 0 0 1 0 0 0 0 0 0 0 0 1 0 0 1 0 0 1 1]",0,[ 0 14 12 11  3 10  3 10 11 14  0  0 10  0  0 14],[ 0 14 12 11  3 11  3 10 11 14  0  0 10  0  0 14],True,True,1.0,1.0,"[np.int64(1), np.int64(0), np.int64(11), np.int64(15), np.int64(2), np.int64(0), np.int64(1), np.int64(13), np.int64(9), np.int64(6), np.int64(6), np.int64(9), np.int64(6), np.int64(3), np.int64(11), np.int64(14)]","[np.int64(8), np.int64(13), np.int64(1), np.int64(11), np.int64(7), np.int64(8), np.int64(3), np.int64(3), np.int64(8), np.int64(5), np.int64(0), np.int64(15), np.int64(12), np.int64(9), np.int64(8), np.int64(5)]",False,False,0.0,0.0,[ 0 14 12 11  3 11  3 10 11 14  0  0 10  0  0 11],[ 0 14 12 11  3 10  3 10 11 14  0  0 10  0  0 11],True,True,0.796875,1.0,[ 0 14 12 11  3 10  3 10 11 14  0  0 10  0  0 11],[ 0 14 12 11  3 11  3 10 11 14  0  0 10  0  0 11],True,True,0.8125,0.8125
"[0 0 0 0 1 0 0 0 0 0 0 0 1 0 0 0 0 0 0 1 0 0 0 1 1 0 0 0 0 0 0 0 0 0 0 1 0
 0 1 0 0 0 0 1 1 0 1 0 0 1 1 0 0 1 1 1 0 0 0 0 0 0 0 0 1 0 0 0 1 1 0 0 0 0
 0 0 1 0 0 0 0 0 0 1 1 1 0 0 0 0 0 1 0 1 0 1 0 0 1 1 0 0 0 0 0 0 1 0 0 0 0
 1 0 1 0 1 0 0 0 1 1 0 1 0 0 1 0 0 0 1 0 0 0 0 0 1 1 0 0 0 0 0 0 1 0 0 0 0
 0 0 0 0 0 1 0 0 0 0 0 0 0 0 0 0 0 0 1 1 0 0 0 0 0 0 0 0 0 0 1 0 0 1 0 0 0
 0 0 0 1 0 0 0 1 0 1 0 1 0 0 0 0 0 0 1 1 0 0 0 0 0 0 0 0 1 0 1 0 0 0 0 0 1
 0 1 0 0 1 0 0 0 0 0 0 0 0 0 0 0 1 0 0 0 0 0 0 1 1 0 1 0 0 0 0 1 0 0]",14,[12  3 14  2 12 11  2  3  7  9  6  2  2  7 14  6],[12  3 14  2 12 11  2  3 15  9  6  2  2  5 14  6],True,True,1.0,1.0,"[np.int64(11), np.int64(10), np.int64(4), np.int64(5), np.int64(12), np.int64(14), np.int64(7), np.int64(1), np.int64(2), np.int64(1), np.int64(13), np.int64(1), np.int64(4), np.int64(13), np.int64(9), np.int64(4)]","[np.int64(9), np.int64(1), np.int64(1), np.int64(13), np.int64(15), np.int64(5), np.int64(8), np.int64(0), np.int64(10), np.int64(7), np.int64(14), np.int64(10), np.int64(15), np.int64(9), np.int64(12), np.int64(3)]",False,False,0.0,0.0,[12  3 14  2 12 11  2  3  7 14  6  2  2 15 14  6],[12  3 14  2 12  3  2  3  1  9  6  2  2 15 14  6],False,True,0.796875,1.0,[12  3 14  2 12  3  2  3  1  0  6  2  2  5 14  6],[12  3 14  2 12  3  2  3  1  0  6  2  2  5 14  6],False,False,0.8125,0.8125
"[0 1 1 0 0 0 1 1 0 1 1 1 0 0 0 0 1 1 0 0 0 0 0 1 1 0 1 0 0 1 0 0 1 0 0 1 0
 0 0 0 0 1 0 0 0 0 1 0 0 0 1 1 0 0 0 0 0 0 0 1 1 0 1 0 0 0 0 0 0 0 1 0 0 0
 0 0 0 0 0 0 0 0 0 0 0 0 0 0 0 0 0 1 1 1 0 1 1 0 0 0 1 0 1 0 0 1 0 1 0 0 0
 0 1 1 0 0 0 0 0 0 1 0 0 1 0 0 0 0 0 1 0 0 0 0 0 1 0 0 0 0 0 0 0 0 1 0 1 0
 0 0 1 0 0 0 0 1 0 0 0 0 1 1 0 0 0 0 0 0 0 0 0 0 0 1 0 0 1 0 0 1 0 1 1 1 0
 1 0 0 1 1 0 0 0 0 0 1 0 1 0 0 0 0 0 1 0 0 0 0 0 1 0 0 0 1 0 0 0 0 1 1 0 0
 0 0 0 0 1 1 0 0 0 0 0 0 0 0 0 0 0 0 0 0 0 0 0 1 0 0 0 0 0 0 0 0 0 1]",2,[ 2  0  2  2  6 12  9  0  1  2  0  0  3 10  2  5],[ 2  0  2  2  6 11  9  0  7  2  0  9  3 11  2  5],True,True,1.0,1.0,"[np.int64(5), np.int64(8), np.int64(14), np.int64(12), np.int64(4), np.int64(11), np.int64(3), np.int64(10), np.int64(6), np.int64(8), np.int64(4), np.int64(14), np.int64(11), np.int64(12), np.int64(7), np.int64(7)]","[np.int64(11), np.int64(10), np.int64(2), np.int64(6), np.int64(11), np.int64(8), np.int64(8), np.int64(10), np.int64(2), np.int64(12), np.int64(10), np.int64(11), np.int64(9), np.int64(4), np.int64(4), np.int64(4)]",False,False,0.0,0.0,[ 2  0  2  2  6 11  9  0  1  2  0  3  3  1  2  5],[ 2  0  2  2  6 11  9  0  1  2  0  3  3  1  2  5],True,True,0.796875,1.0,[ 2  0  2  2  6 11  9  0  1  2  0  9  3  1  2  5],[ 2  0  2  2  6 11  9  0  1  2  0  9  3 10  2  5],True,True,0.8125,0.8125
"[0 1 1 0 1 0 1 0 0 0 0 0 1 0 1 0 1 0 1 0 1 0 0 0 0 0 0 0 0 1 0 0 1 1 1 0 0
 0 0 0 0 0 1 0 1 0 0 0 0 0 0 1 0 0 0 1 0 0 0 0 0 0 0 0 1 1 0 0 0 1 0 0 0 0
 0 0 0 0 0 0 0 0 0 0 1 1 1 0 0 0 0 0 1 0 1 0 1 0 0 0 0 1 0 1 0 0 0 0 1 1 0
 0 0 0 0 1 0 0 1 0 0 0 1 0 1 0 0 1 0 0 0 0 0 0 0 0 1 0 0 1 0 1 0 1 0 0 0 0
 0 0 0 0 0 0 0 1 0 0 0 1 0 0 1 0 0 0 0 1 0 0 0 0 1 0 0 0 0 0 0 0 0 0 0 0 1
 1 0 1 0 0 1 0 1 0 1 0 0 1 1 1 0 0 1 0 1 0 0 0 0 1 0 0 0 0 1 0 1 0 0 0 0 1
 0 0 1 0 0 0 0 1 0 0 0 0 0 1 0 0 0 0 0 0 0 0 0 0 0 1 1 1 0 0 0 0 0 1]",3,[ 6 13 10  3  0 12  7  3 15 15  7  8  7  6  0  7],[12  0 12  3  5  6  7  3 15 15  7  8  7  6  0  7],True,True,1.0,1.0,"[np.int64(7), np.int64(9), np.int64(9), np.int64(5), np.int64(6), np.int64(1), np.int64(15), np.int64(11), np.int64(10), np.int64(0), np.int64(5), np.int64(9), np.int64(9), np.int64(12), np.int64(2), np.int64(7)]","[np.int64(4), np.int64(9), np.int64(14), np.int64(8), np.int64(14), np.int64(15), np.int64(6), np.int64(12), np.int64(13), np.int64(1), np.int64(6), np.int64(9), np.int64(10), np.int64(11), np.int64(0), np.int64(6)]",False,False,0.0,0.0,[ 6 13 10  3  0  6  7  3 15 15  7  9  7  6  0  7],[ 6  2 10  3  0  6  7  3 15 15  7  9  7  6  5  7],True,True,0.796875,1.0,[ 6  0 10  3  0  6  7  3 15 15  7  8  7  6  0  7],[ 6  0 10  3  5  6  7  3 15 15  7  9  7  6  5  7],True,True,0.8125,0.8125
"[1 0 0 1 0 0 0 0 0 0 0 1 0 0 0 0 0 1 0 0 0 0 0 1 1 0 0 0 0 1 0 0 0 0 0 0 0
 0 0 1 0 0 1 0 0 0 1 0 1 0 0 0 0 0 1 0 0 1 1 0 0 0 1 0 0 0 0 0 0 0 1 0 0 0
 0 0 1 1 0 0 0 0 0 0 0 1 0 0 0 0 0 1 0 1 0 1 0 0 0 1 1 0 0 1 0 0 1 0 1 0 0
 0 0 1 1 0 0 0 1 1 0 1 1 0 0 0 0 0 0 1 0 0 0 0 0 0 0 1 0 0 1 1 0 0 0 0 0 1
 0 0 0 1 1 0 1 1 1 1 0 1 0 0 1 1 0 0 1 1 0 1 1 0 0 0 1 0 1 0 0 0 0 1 0 0 0
 1 0 0 0 1 0 0 0 0 0 0 1 0 1 0 1 1 0 0 0 1 0 1 0 1 0 0 1 1 0 0 1 1 0 1 1 0
 0 0 0 0 1 1 0 0 0 0 0 0 1 0 0 0 1 1 0 0 0 0 0 1 0 0 0 1 0 0 1 0 1 1]",3,[ 3  8 14  3  6 13  3  6  9  3  3  0  6  9  3 14],[ 3 13 14  3  6 11  3  9  9  3  3  9  6  9  3 14],True,True,1.0,1.0,"[np.int64(5), np.int64(1), np.int64(7), np.int64(11), np.int64(10), np.int64(12), np.int64(15), np.int64(10), np.int64(13), np.int64(14), np.int64(14), np.int64(11), np.int64(10), np.int64(2), np.int64(15), np.int64(9)]","[np.int64(2), np.int64(5), np.int64(0), np.int64(13), np.int64(5), np.int64(14), np.int64(5), np.int64(12), np.int64(14), np.int64(15), np.int64(4), np.int64(3), np.int64(5), np.int64(11), np.int64(8), np.int64(1)]",False,False,0.0,0.0,[ 3  7 10  3  6 15  3  6  9  3  3  0  6  9  3  9],[ 3 13 14  3  6 11  3 10  9  3  3  9  6  9  3  9],True,True,0.796875,1.0,[ 3  7 10  3  6 11  3  6  9  3  3  0  6  9  3  9],[ 3  7 14  3  6 11  3  6  9  3  3  0  9  9  3 14],True,True,0.8125,0.8125
"[1 0 0 0 0 0 1 0 1 1 0 0 0 0 1 0 0 1 0 0 0 0 1 0 0 1 0 1 1 0 1 0 0 0 0 0 1
 0 1 0 0 1 0 1 1 0 1 0 0 0 0 1 0 0 1 0 0 0 0 0 0 1 0 0 0 0 1 0 1 0 1 0 0 0
 0 1 0 0 0 0 0 0 0 0 0 0 0 1 0 1 0 1 0 0 1 1 1 1 1 1 1 0 1 0 0 0 1 1 0 1 0
 1 0 0 0 0 0 1 0 1 0 1 0 1 0 0 0 1 1 0 0 0 0 0 0 0 1 1 0 1 1 0 0 0 1 1 1 0
 0 1 0 1 1 0 1 0 0 0 1 0 0 0 0 0 0 0 1 0 0 1 1 0 0 1 0 0 0 1 1 0 1 1 1 1 1
 0 0 0 0 0 0 0 0 1 1 0 0 0 0 0 1 0 0 0 0 0 0 1 0 0 0 1 0 0 1 0 0 0 1 0 0 0
 0 0 1 1 1 0 0 1 0 0 0 1 0 0 0 0 0 0 0 0 0 0 0 1 1 1 0 0 0 0 1 0 0 1]",4,[ 6 11  4  6  4 11  4 11 11  2  6  4  2  6  2  6],[ 6  6  4  6  4 11  4 11 11  2  6  4  2  6  2  6],True,True,1.0,1.0,"[np.int64(3), np.int64(5), np.int64(10), np.int64(5), np.int64(6), np.int64(9), np.int64(7), np.int64(11), np.int64(2), np.int64(11), np.int64(14), np.int64(15), np.int64(8), np.int64(9), np.int64(3), np.int64(4)]","[np.int64(6), np.int64(5), np.int64(3), np.int64(14), np.int64(0), np.int64(5), np.int64(8), np.int64(3), np.int64(7), np.int64(5), np.int64(12), np.int64(15), np.int64(9), np.int64(13), np.int64(10), np.int64(11)]",False,False,0.0,0.0,[ 6 11  4  6  4 11  4 11 11  2  6  4  2  6  2  6],[ 6 11  4  6  4 11  4 11 11  2  6  4  2  6  2  6],True,True,0.796875,1.0,[ 6  6  4  6  4 11  4 11 11  2  6  4  2  6  2  6],[ 6 11  4  6  4 11  4 11 11  2  6  4  2  6  2  6],True,True,0.8125,0.8125
"[1 0 0 0 0 0 1 0 1 1 0 0 0 0 1 0 0 1 0 0 0 0 1 0 0 1 0 1 1 0 1 0 0 0 0 0 1
 0 1 0 0 1 0 1 1 0 1 0 0 0 0 1 0 0 1 0 0 0 0 0 0 1 0 0 0 0 1 0 1 0 1 0 0 0
 0 1 0 0 0 0 0 0 0 0 0 0 0 1 0 1 0 1 0 0 1 1 1 1 1 1 1 0 1 0 0 0 1 1 0 1 0
 1 0 0 0 0 0 1 0 1 0 1 0 1 0 0 0 1 1 0 0 0 0 0 0 0 1 1 0 1 1 0 0 0 1 1 1 0
 0 1 0 1 1 0 1 0 0 0 1 0 0 0 0 0 0 0 1 0 0 1 1 0 0 1 0 0 0 1 1 0 1 1 1 1 1
 0 0 0 0 0 0 0 0 1 1 0 0 0 0 0 1 0 0 0 0 0 0 1 0 0 0 1 0 0 1 0 0 0 1 0 0 0
 0 0 1 1 1 0 0 1 0 0 0 1 0 0 0 0 0 0 0 0 0 0 0 1 1 1 0 0 0 0 1 0 0 1]",4,[ 6 11  4  6  4 11  4 11 11  2  6  4  2  6  2  6],[ 6 11  4  6  4 11  4 11 11  2  6  4  2  6  2  6],True,True,1.0,1.0,"[np.int64(2), np.int64(6), np.int64(5), np.int64(1), np.int64(4), np.int64(7), np.int64(15), np.int64(6), np.int64(14), np.int64(2), np.int64(2), np.int64(2), np.int64(14), np.int64(5), np.int64(8), np.int64(10)]","[np.int64(2), np.int64(9), np.int64(13), np.int64(3), np.int64(9), np.int64(5), np.int64(15), np.int64(1), np.int64(1), np.int64(2), np.int64(7), np.int64(5), np.int64(1), np.int64(10), np.int64(10), np.int64(1)]",False,False,0.0,0.0,[ 6 11  4  6  4 11  4 11 11  2  6  4  2  6  2  6],[ 6  6  4  6  4 11  4 11 11  2  6  4  2  6  2  6],True,True,0.796875,1.0,[ 6  6  4  6  4 11  4 11 11  2  6  4  2  6  2  6],[ 6 11  4  6  4 11  4 11 11  2  6  4  2  6  2  6],True,True,0.8125,0.8125
"[1 1 0 1 1 0 0 0 1 0 1 1 0 0 0 0 1 0 0 1 0 1 0 0 0 0 0 0 0 0 0 0 0 0 1 1 0
 1 1 0 0 0 1 0 0 0 0 1 1 1 1 0 0 0 0 0 0 0 0 0 0 0 0 0 1 0 0 0 0 1 0 0 0 0
 0 0 1 1 0 0 0 1 1 0 1 1 0 0 0 1 1 0 0 1 0 1 0 0 1 0 0 0 0 0 0 1 0 0 0 0 0
 0 0 0 0 0 0 0 0 1 1 0 0 0 0 0 0 0 1 0 0 0 0 0 0 1 0 1 1 0 0 0 0 1 0 0 0 0
 0 1 1 0 1 1 1 0 0 0 0 0 1 0 1 0 0 1 0 0 1 1 1 0 0 0 0 1 1 0 0 0 0 0 0 0 0
 0 0 0 0 1 0 0 0 0 0 0 1 0 0 0 0 0 0 0 1 0 0 0 0 0 0 0 1 1 0 0 0 0 0 1 0 0
 0 0 0 0 0 0 0 0 0 0 0 0 0 0 0 0 0 0 0 0 1 0 0 1 0 0 1 0 1 0 0 0 0 1]",1,[ 1  1  3  1  0  1  2  8  0  5  0  0  4  5 14  5],[ 1  1  3  1  0  1  9  8  0  5  5  0  4  5 14  5],True,True,1.0,1.0,"[np.int64(11), np.int64(9), np.int64(4), np.int64(13), np.int64(0), np.int64(5), np.int64(6), np.int64(8), np.int64(14), np.int64(1), np.int64(4), np.int64(3), np.int64(7), np.int64(14), np.int64(3), np.int64(10)]","[np.int64(2), np.int64(1), np.int64(2), np.int64(4), np.int64(0), np.int64(7), np.int64(1), np.int64(12), np.int64(3), np.int64(13), np.int64(6), np.int64(6), np.int64(14), np.int64(2), np.int64(4), np.int64(4)]",False,False,0.0,0.0,[ 1  1  5  1  0  1  2  8  0  5  5  0  4  5 11  5],[ 1  1  5  1  0  1  2  8  0  5  0  0  4  5 14  5],False,True,0.796875,1.0,[1 1 3 1 0 1 2 8 0 5 0 0 4 5 0 5],[1 1 3 1 0 1 2 8 0 5 0 0 4 5 0 5],False,False,0.8125,0.8125
"[1 1 0 1 1 0 0 0 1 1 0 1 0 0 0 1 1 1 0 0 0 0 1 0 0 0 0 0 0 0 0 0 0 0 1 0 0
 0 0 0 0 0 0 1 1 0 0 1 1 0 0 0 1 0 0 0 1 0 0 0 1 0 0 0 1 0 0 1 1 0 0 0 0 1
 1 1 1 0 1 1 0 0 0 0 0 1 0 0 0 1 0 1 0 0 0 0 0 1 0 0 0 0 0 0 1 0 0 1 0 0 1
 0 0 0 0 0 0 0 0 1 0 0 0 0 0 0 0 0 1 0 0 1 0 0 1 0 0 0 1 0 0 0 0 0 1 0 0 0
 1 1 0 0 0 0 0 1 0 1 0 0 0 0 0 0 1 0 0 0 1 0 0 0 1 0 0 0 1 0 1 0 1 1 1 0 0
 1 0 0 0 0 0 0 0 0 1 1 1 0 0 0 0 0 1 0 0 0 0 0 0 0 0 0 0 0 0 0 0 1 0 0 0 0
 0 1 0 0 0 0 1 0 1 0 0 0 0 0 0 0 1 0 1 0 1 0 1 0 0 0 0 0 0 0 0 1 0 1]",0,[ 0  0 15  0  0  9  8  7  0  0  4  0  4 15  4  0],[ 0  0 15  0  0 11  1  7  0  0  8  0  3  9  4  0],True,True,1.0,1.0,"[np.int64(14), np.int64(2), np.int64(3), np.int64(11), np.int64(6), np.int64(6), np.int64(6), np.int64(8), np.int64(11), np.int64(11), np.int64(4), np.int64(3), np.int64(9), np.int64(14), np.int64(0), np.int64(9)]","[np.int64(6), np.int64(14), np.int64(4), np.int64(1), np.int64(3), np.int64(14), np.int64(1), np.int64(14), np.int64(8), np.int64(11), np.int64(4), np.int64(0), np.int64(10), np.int64(1), np.int64(9), np.int64(10)]",False,False,0.0,0.0,[ 0  0 15  0  0 11  8 11  0  0  4  0  3 15  4  0],[ 0  0 15  0  0 11  1  7  0  0  8  0  3 15  4  0],False,True,0.796875,1.0,[ 0  0 15  0  0  9  1  0  0  0  4  0  4  9  4  0],[ 0  0 15  0  0 11  1  0  0  0  8  0  3  9  4  0],False,False,0.8125,0.8125
"[1 0 0 0 0 0 0 1 1 0 0 0 0 0 0 0 0 1 1 0 0 1 0 0 1 0 0 0 0 0 0 1 0 1 0 0 0
 1 1 0 0 0 0 0 0 0 0 0 0 0 0 1 1 0 0 0 0 0 0 0 0 0 1 0 0 0 0 1 1 0 1 1 0 0
 0 0 0 0 0 0 0 1 1 0 0 0 0 0 0 1 0 0 1 1 0 0 0 0 1 0 1 0 0 0 1 0 0 1 0 0 0
 1 1 0 0 0 1 0 0 0 0 0 1 0 0 0 0 1 1 1 0 0 0 0 1 0 0 0 1 0 0 1 0 0 0 0 0 0
 0 1 0 0 0 0 1 0 1 0 1 0 0 0 0 0 0 0 0 1 1 1 1 1 0 0 1 0 0 0 0 0 0 0 1 0 0
 0 1 1 0 1 0 1 0 0 0 0 0 1 0 0 0 1 0 0 0 0 0 0 0 0 0 0 0 1 0 0 1 0 0 1 0 1
 0 1 0 0 0 1 0 0 0 0 0 1 1 0 0 0 1 0 0 1 0 0 0 0 1 1 0 0 0 1 0 1 0 1]",8,[ 8  8  1  4  6  1  8  0  8 10  8 13  5  8 10  1],[ 8  8  6  4  6  1  8 10  8 10  8 10  5  8 10 13],True,True,1.0,1.0,"[np.int64(11), np.int64(2), np.int64(12), np.int64(15), np.int64(15), np.int64(14), np.int64(0), np.int64(8), np.int64(15), np.int64(2), np.int64(13), np.int64(3), np.int64(14), np.int64(14), np.int64(2), np.int64(13)]","[np.int64(14), np.int64(6), np.int64(5), np.int64(4), np.int64(6), np.int64(13), np.int64(14), np.int64(13), np.int64(0), np.int64(13), np.int64(4), np.int64(6), np.int64(12), np.int64(2), np.int64(11), np.int64(8)]",False,False,0.0,0.0,[ 8  8  6  4  6  1  8  0  8 10  8 13  9  8 10  6],[ 8  8  6  4  6  1  8 10  8 10  8 13  9  8 10  6],True,True,0.796875,1.0,[ 8  8  1  4  6  1  8  0  8 10  8  6  5  8 10  1],[ 8  8  6 14  6  1  8 10  8 10  8 10  5  8 10  6],True,True,0.8125,0.8125
"[0 0 0 0 0 0 0 0 0 0 1 1 0 1 1 0 0 1 0 0 0 0 0 1 1 0 0 0 1 0 1 0 0 0 1 0 0
 0 0 0 0 0 0 0 1 0 0 0 0 0 0 0 1 1 1 0 0 1 0 1 0 0 0 0 0 0 0 1 0 0 0 1 1 1
 0 0 0 0 0 0 0 0 0 1 0 0 0 0 0 1 1 1 0 0 0 0 0 0 0 1 0 0 0 0 0 0 0 0 0 0 0
 0 0 1 0 0 1 0 0 1 0 1 1 0 0 0 0 0 0 1 0 0 1 0 0 0 0 0 0 1 1 0 0 1 0 0 0 1
 1 1 0 1 0 0 0 0 0 0 1 0 1 0 0 0 0 1 0 1 0 0 0 0 1 0 0 0 1 0 0 1 0 1 0 0 1
 0 0 0 0 0 1 1 0 1 1 0 0 0 0 0 1 0 1 0 0 0 0 0 1 0 0 0 0 0 0 0 0 0 0 0 0 0
 0 0 1 1 0 0 0 0 0 0 0 1 0 1 0 0 0 1 0 0 0 0 0 0 0 0 1 0 0 1 0 0 1 1]",0,[ 0 14 12 11  3 11  3 10 11 14  0  0 10  0  0 11],[ 0 14 12 11  9 11  3 10 11 14  0  0 10  0  0 14],True,True,1.0,1.0,"[np.int64(1), np.int64(5), np.int64(6), np.int64(14), np.int64(14), np.int64(8), np.int64(1), np.int64(1), np.int64(7), np.int64(5), np.int64(7), np.int64(2), np.int64(14), np.int64(0), np.int64(12), np.int64(7)]","[np.int64(4), np.int64(10), np.int64(5), np.int64(15), np.int64(0), np.int64(13), np.int64(9), np.int64(1), np.int64(14), np.int64(8), np.int64(11), np.int64(3), np.int64(4), np.int64(1), np.int64(5), np.int64(14)]",False,False,0.0,0.0,[ 0 14 12 11  7 11  3 10 11 14  0  0 10  0  0 11],[ 0 14 12 11  7 11  3 10 11 14  0  0 10  0  0 11],True,True,0.796875,1.0,[ 0 14 12 11  3 10  3 10 11 14  0  0 10  0  0 11],[ 0 14 12 11  3 11  3 10 11 14  0  0 10  0  0 11],True,True,0.8125,0.8125
"[1 0 1 1 0 1 1 1 0 1 0 0 1 0 1 0 0 0 0 1 1 1 0 1 0 1 1 0 0 0 0 0 1 0 1 0 0
 0 1 0 0 0 0 0 0 1 0 1 1 1 0 1 0 0 0 0 1 0 1 0 1 0 0 1 0 1 0 0 0 0 0 0 0 0
 0 0 1 0 1 0 1 1 0 0 0 1 0 0 0 0 0 0 0 0 1 0 1 0 1 0 0 0 1 1 1 0 0 0 1 0 0
 0 1 1 0 0 0 0 1 0 0 1 1 0 0 0 1 0 0 0 0 1 0 0 1 0 0 1 0 0 0 0 1 0 1 1 0 0
 0 0 0 1 1 0 0 0 1 1 1 0 0 1 0 1 0 0 0 1 0 0 1 0 0 1 0 0 0 0 0 0 0 0 0 0 0
 0 0 0 1 1 1 0 1 0 0 1 1 0 1 0 0 1 0 1 1 0 1 0 0 0 1 0 0 0 0 0 0 1 1 1 0 0
 0 0 1 0 0 0 1 1 0 1 1 1 0 1 1 0 0 0 0 0 1 1 0 0 0 0 0 0 0 0 0 0 0 0]",2,[ 2 10  2 15 14  0  2  0  6  0 13 13  0  2  0  2],[ 2  7  2  0 14  0  2  0  6  0 13 13  0  2  0  2],True,True,1.0,1.0,"[np.int64(11), np.int64(1), np.int64(14), np.int64(13), np.int64(14), np.int64(15), np.int64(10), np.int64(13), np.int64(5), np.int64(9), np.int64(10), np.int64(11), np.int64(9), np.int64(7), np.int64(1), np.int64(8)]","[np.int64(15), np.int64(5), np.int64(1), np.int64(15), np.int64(4), np.int64(2), np.int64(8), np.int64(1), np.int64(1), np.int64(10), np.int64(14), np.int64(3), np.int64(5), np.int64(6), np.int64(11), np.int64(4)]",False,False,0.0,0.0,[ 2  5  2 15 14  0  2  6  6 13 13 13  0  2  0  2],[ 2  7  2 15 14  0  2  0  6 13 13 13  0  2  0  2],True,True,0.796875,1.0,[ 2  3  2  0 12  0  2  0  6  0 13 13  0  2  0  2],[ 2  5  2 15 12  0  2  0  6 13 13 13  0  2  0  2],True,True,0.8125,0.8125
"[0 0 1 1 0 0 0 0 0 0 1 0 0 0 0 0 0 1 0 0 0 0 0 1 1 0 0 1 0 0 0 0 1 0 0 0 1
 1 0 0 0 0 0 0 1 0 0 1 1 0 0 1 0 1 0 0 0 0 1 0 0 0 0 1 0 0 1 0 1 1 0 0 0 0
 0 0 1 0 0 1 0 0 1 1 1 0 0 0 0 0 0 0 0 0 0 1 0 0 0 0 0 0 1 0 0 0 0 0 1 1 0
 0 0 1 0 0 0 0 0 0 0 1 0 1 0 0 0 0 0 1 0 0 0 0 0 0 1 0 1 0 1 0 0 0 0 0 0 0
 0 0 0 1 0 1 0 0 0 1 0 0 1 0 0 1 0 0 0 0 1 0 0 1 0 0 0 0 0 1 0 0 0 0 0 1 0
 0 1 0 1 0 0 0 0 0 1 0 1 0 1 0 1 0 0 1 1 0 0 0 0 0 0 0 0 0 1 0 0 1 0 0 0 1
 0 0 0 0 0 0 0 0 0 0 0 0 0 0 0 0 1 0 0 0 1 1 1 1 0 0 0 0 0 0 0 0 0 0]",9,[10  7 12 10 12  2 13  9  1  9 11  7 11  9 14  3],[10  7 12 10 12  3 13  9  1  9 11  7 11  9 14  2],True,True,1.0,1.0,"[np.int64(12), np.int64(10), np.int64(14), np.int64(2), np.int64(3), np.int64(1), np.int64(0), np.int64(15), np.int64(12), np.int64(8), np.int64(1), np.int64(11), np.int64(2), np.int64(1), np.int64(8), np.int64(15)]","[np.int64(6), np.int64(15), np.int64(2), np.int64(6), np.int64(11), np.int64(14), np.int64(2), np.int64(11), np.int64(6), np.int64(7), np.int64(0), np.int64(3), np.int64(13), np.int64(8), np.int64(3), np.int64(11)]",False,False,0.0,0.0,[10  7 12 10 12  2 13  9  1  9 11  7 11  9 15  3],[10  7 12 10 12  4 13  9  1  9 11  7 11  9 14  2],False,True,0.796875,1.0,[10  7 12 10 12  2 13  9  1  9 11  7  6  9  0  2],[10  7 12 10 12  4 13  9  1  9 11  7 11  9  0  4],False,False,0.8125,0.8125
"[0 1 1 0 0 0 1 1 0 1 1 1 0 0 0 0 1 1 0 0 0 0 0 1 1 0 1 0 0 1 0 0 1 0 0 1 0
 0 0 0 0 1 0 0 0 0 1 0 0 0 1 1 0 0 0 0 0 0 0 1 1 0 1 0 0 0 0 0 0 0 1 0 0 0
 0 0 0 0 0 0 0 0 0 0 0 0 0 0 0 0 0 1 1 1 0 1 1 0 0 0 1 0 1 0 0 1 0 1 0 0 0
 0 1 1 0 0 0 0 0 0 1 0 0 1 0 0 0 0 0 1 0 0 0 0 0 1 0 0 0 0 0 0 0 0 1 0 1 0
 0 0 1 0 0 0 0 1 0 0 0 0 1 1 0 0 0 0 0 0 0 0 0 0 0 1 0 0 1 0 0 1 0 1 1 1 0
 1 0 0 1 1 0 0 0 0 0 1 0 1 0 0 0 0 0 1 0 0 0 0 0 1 0 0 0 1 0 0 0 0 1 1 0 0
 0 0 0 0 1 1 0 0 0 0 0 0 0 0 0 0 0 0 0 0 0 0 0 1 0 0 0 0 0 0 0 0 0 1]",2,[ 2  0  2  2  6 12  0  0  1  2  0  0  3  1  2  5],[ 2  0  2  2  6 12  0  0  7  2  0  3  3 10  2  5],True,True,1.0,1.0,"[np.int64(4), np.int64(14), np.int64(13), np.int64(1), np.int64(7), np.int64(7), np.int64(5), np.int64(10), np.int64(11), np.int64(5), np.int64(3), np.int64(5), np.int64(5), np.int64(9), np.int64(3), np.int64(6)]","[np.int64(7), np.int64(4), np.int64(15), np.int64(11), np.int64(9), np.int64(15), np.int64(11), np.int64(9), np.int64(15), np.int64(4), np.int64(6), np.int64(1), np.int64(5), np.int64(6), np.int64(6), np.int64(14)]",False,False,0.0,0.0,[ 2  0  2  2  6 11  0  0  1  2  0  3  3  1  2  5],[ 2  0  2  2  6 12  9  0  7  2  0  9  3 11  2  5],True,True,0.796875,1.0,[ 2  0  2  2  6 11  9  0  1  2  0  9  3  1  2  5],[ 2  0  2  2  6 11  9  0  1  2  0  9  3 10  2  5],True,True,0.8125,0.8125
"[1 0 0 0 0 0 0 0 0 0 0 1 0 1 0 1 0 0 0 0 1 0 1 0 1 0 0 1 0 1 0 0 0 0 0 0 1
 0 0 1 0 0 0 1 1 1 0 0 0 0 0 1 1 0 0 1 0 1 0 0 0 0 0 1 0 1 1 1 0 0 0 0 0 0
 1 1 1 0 0 0 0 0 0 0 0 0 0 0 1 0 1 1 0 0 0 1 0 1 0 0 0 0 0 0 0 0 0 0 0 1 0
 0 0 0 1 1 0 0 0 0 1 0 0 0 0 0 0 1 0 1 0 0 0 1 0 1 1 0 0 0 1 0 0 0 0 0 0 1
 0 0 0 0 0 1 0 0 0 0 0 0 0 0 0 0 1 1 0 0 0 0 0 0 0 1 0 1 1 1 1 0 1 1 0 0 0
 0 0 1 0 0 0 0 0 0 1 0 1 0 0 0 1 0 0 0 1 1 1 0 1 1 1 0 0 0 1 0 0 0 1 0 1 0
 1 0 0 0 0 0 0 0 0 0 0 0 0 0 1 1 0 1 1 0 0 1 0 1 0 1 0 0 1 0 0 0 1 0]",3,[15  4  4  3  3 15  1  3  7  3  4  4  4 14 15  3],[15  4  4  3  3 15  1  3  7  3  4  4  4 10 15  3],True,True,1.0,1.0,"[np.int64(12), np.int64(11), np.int64(15), np.int64(2), np.int64(2), np.int64(11), np.int64(1), np.int64(8), np.int64(8), np.int64(14), np.int64(2), np.int64(5), np.int64(7), np.int64(12), np.int64(9), np.int64(4)]","[np.int64(11), np.int64(14), np.int64(2), np.int64(10), np.int64(0), np.int64(9), np.int64(8), np.int64(2), np.int64(10), np.int64(2), np.int64(0), np.int64(5), np.int64(3), np.int64(0), np.int64(14), np.int64(7)]",False,False,0.0,0.0,[15  4  4  3  3 15  1  3  7  3  4  4  4 10 15  3],[15  4  4  3  3 15  1  3  7  3  4  4  4  0 15  3],True,True,0.796875,1.0,[15  4  4  3  3 15  1  3  7  3  4  4  4  1 15  3],[15  4  4  3  3 15  1  3  7  3  4  4  4  2 15  3],True,True,0.8125,0.8125
"[1 0 0 0 0 1 0 0 0 1 0 0 0 0 1 0 0 1 1 0 0 1 0 0 0 0 0 0 0 0 1 1 0 1 0 1 0
 0 0 0 1 1 0 0 1 0 1 0 0 0 1 1 0 0 0 0 1 0 0 0 0 0 0 0 0 0 0 0 0 1 0 0 0 0
 0 0 0 0 1 0 1 1 0 0 1 0 1 0 0 0 1 0 0 1 1 0 0 0 0 0 0 1 0 0 0 0 0 0 0 0 0
 1 0 0 0 0 0 0 0 1 0 0 1 1 0 0 0 0 0 0 1 1 0 0 0 0 1 0 0 0 0 0 0 0 1 0 1 0
 0 0 0 0 0 0 0 0 0 0 0 0 0 0 0 0 0 1 0 1 0 0 1 0 1 0 0 1 0 0 0 0 0 0 0 1 0
 0 0 1 0 1 0 0 0 0 1 0 0 0 0 0 0 0 1 0 0 0 0 1 0 0 0 0 0 1 0 0 0 0 0 1 0 1
 0 1 1 1 1 0 1 1 0 0 0 0 0 0 0 0 1 0 0 1 0 0 0 0 1 0 0 0 1 0 1 1 0 1]",11,[ 5 15 12  2  5 13  5 11  2  0  7 11 10 11  5 13],[ 5 15 12  2  5 13 15 11  2  0  7 11 10 11  5 13],True,True,1.0,1.0,"[np.int64(2), np.int64(12), np.int64(2), np.int64(4), np.int64(10), np.int64(1), np.int64(13), np.int64(1), np.int64(8), np.int64(9), np.int64(15), np.int64(11), np.int64(14), np.int64(0), np.int64(15), np.int64(8)]","[np.int64(4), np.int64(4), np.int64(0), np.int64(0), np.int64(14), np.int64(1), np.int64(12), np.int64(1), np.int64(1), np.int64(2), np.int64(2), np.int64(10), np.int64(14), np.int64(11), np.int64(3), np.int64(6)]",False,False,0.0,0.0,[ 5  5  1  2  5 13  5 11  2  0  7 11 10 11  5 13],[ 5  5 14  2  5 13 15 11  2  0  7 11 10 11  5 13],True,True,0.796875,1.0,[ 5  5  1  2  5 13  5 11  2  0  7 11 10 11  5 13],[ 5 15 12  2  5 13 15 11  2  0  7 11 10 11  5 13],True,True,0.8125,0.8125
"[1 0 1 0 1 1 0 0 0 0 0 0 0 0 0 0 0 1 0 0 1 0 0 0 0 0 0 0 0 0 1 0 1 0 0 1 1
 0 1 0 0 0 0 1 1 0 0 0 0 0 1 0 0 0 0 1 1 1 0 0 0 0 1 0 1 1 1 0 1 0 1 0 0 1
 0 0 0 1 0 0 1 0 0 0 0 0 1 0 0 1 0 0 1 0 0 0 0 0 1 0 1 1 1 0 0 0 0 0 0 1 0
 1 0 0 0 1 0 0 0 0 1 0 0 1 1 0 1 0 0 0 0 1 0 0 0 1 1 0 0 0 0 0 0 1 0 0 0 1
 1 1 0 0 0 0 0 0 0 1 1 1 0 0 0 0 0 0 0 0 0 0 0 0 1 0 0 0 0 0 1 0 0 0 0 1 0
 0 0 0 0 0 0 1 0 0 1 0 0 1 0 1 0 0 1 0 0 1 0 1 0 0 0 0 1 0 1 0 0 1 0 0 1 0
 0 0 0 1 0 1 0 0 0 1 0 1 0 0 0 0 0 0 0 0 0 0 0 0 1 0 1 1 0 1 1 0 0 1]",5,[ 5  4  0  9  9  5  5 12  3  5 12  2  5  9  9  9],[ 5 14  0  9  6  5  5 12  7  5 12  2  5  9  9  9],True,True,1.0,1.0,"[np.int64(5), np.int64(3), np.int64(14), np.int64(9), np.int64(11), np.int64(6), np.int64(3), np.int64(0), np.int64(12), np.int64(7), np.int64(10), np.int64(14), np.int64(8), np.int64(9), np.int64(13), np.int64(3)]","[np.int64(5), np.int64(1), np.int64(14), np.int64(8), np.int64(9), np.int64(5), np.int64(13), np.int64(14), np.int64(10), np.int64(15), np.int64(15), np.int64(13), np.int64(11), np.int64(12), np.int64(2), np.int64(10)]",False,False,0.0,0.0,[ 5  4 12  9  6  5  5 12  7  5 12  7  5 12  9  9],[ 5  4  0  9  6  5  5 12 15  5 12  7  5  9  9 12],True,True,0.796875,1.0,[ 5  4  0  9  0  5  5 12  3  5 12  2  5  6  9  6],[ 5  4  0  9  0  5  5 12  7  5 12  2  5  9  9  9],True,True,0.8125,0.8125
"[1 0 0 0 0 0 1 0 1 1 0 0 0 0 1 0 0 1 0 0 0 0 1 0 0 1 0 1 1 0 1 0 0 0 0 0 1
 0 1 0 0 1 0 1 1 0 1 0 0 0 0 1 0 0 1 0 0 0 0 0 0 1 0 0 0 0 1 0 1 0 1 0 0 0
 0 1 0 0 0 0 0 0 0 0 0 0 0 1 0 1 0 1 0 0 1 1 1 1 1 1 1 0 1 0 0 0 1 1 0 1 0
 1 0 0 0 0 0 1 0 1 0 1 0 1 0 0 0 1 1 0 0 0 0 0 0 0 1 1 0 1 1 0 0 0 1 1 1 0
 0 1 0 1 1 0 1 0 0 0 1 0 0 0 0 0 0 0 1 0 0 1 1 0 0 1 0 0 0 1 1 0 1 1 1 1 1
 0 0 0 0 0 0 0 0 1 1 0 0 0 0 0 1 0 0 0 0 0 0 1 0 0 0 1 0 0 1 0 0 0 1 0 0 0
 0 0 1 1 1 0 0 1 0 0 0 1 0 0 0 0 0 0 0 0 0 0 0 1 1 1 0 0 0 0 1 0 0 1]",4,[ 6  6  4  6  4 11  4 11 11  2  6  4  2  6  2  6],[ 6 11  4  6  4 11  4 11 11  2  6  4  2  6  2  6],True,True,1.0,1.0,"[np.int64(5), np.int64(8), np.int64(15), np.int64(9), np.int64(14), np.int64(10), np.int64(4), np.int64(7), np.int64(14), np.int64(8), np.int64(12), np.int64(3), np.int64(9), np.int64(14), np.int64(9), np.int64(0)]","[np.int64(10), np.int64(4), np.int64(13), np.int64(7), np.int64(6), np.int64(0), np.int64(14), np.int64(3), np.int64(7), np.int64(3), np.int64(13), np.int64(3), np.int64(10), np.int64(6), np.int64(12), np.int64(5)]",False,False,0.0,0.0,[ 6 11  4  6  4 11  4 11 11  2  6  4  2  6  2  6],[ 6 11  4  6  4 11  4 11 11  2  6  4  2  6  2  6],True,True,0.796875,1.0,[ 6  6  4  6  4 11  4 11 11  2  6  4  2  6  2  6],[ 6 11  4  6  4 11  4 11 11  2  6  4  2  6  2  6],True,True,0.8125,0.8125
"[1 0 0 0 0 0 0 0 0 0 1 0 0 0 1 0 0 1 0 0 0 0 1 0 1 1 0 0 0 0 0 0 0 0 1 1 0
 0 0 0 0 0 1 1 0 0 1 1 0 0 1 1 0 0 0 0 1 1 0 0 0 0 0 0 0 0 0 0 0 1 0 1 1 1
 1 0 0 0 0 0 0 0 0 0 1 0 0 0 0 0 0 1 0 0 1 0 0 1 0 0 0 0 0 1 1 1 0 0 0 0 0
 1 0 0 0 0 1 0 1 0 0 0 0 0 0 1 1 1 0 1 0 1 1 0 1 0 0 1 0 0 0 0 0 1 0 1 0 1
 1 0 1 0 1 0 0 0 0 0 1 0 1 0 1 0 1 0 0 0 0 0 0 0 1 0 1 1 0 0 1 0 0 1 0 0 0
 0 0 0 1 0 0 0 0 0 0 0 0 0 0 0 0 0 1 1 0 1 1 0 0 0 0 0 0 0 0 1 0 0 0 0 1 0
 0 1 1 0 1 0 0 1 0 1 0 1 1 0 1 0 0 1 0 0 1 0 0 0 1 1 1 0 1 0 0 1 1 0]",7,[14  6 15  2  7 14  7  7  6  6 15  5 13  7  7  7],[14  6 15  2  7 14  7  7 15  6 15  2 13  7  7  7],True,True,1.0,1.0,"[np.int64(3), np.int64(12), np.int64(12), np.int64(10), np.int64(1), np.int64(11), np.int64(9), np.int64(5), np.int64(0), np.int64(11), np.int64(7), np.int64(6), np.int64(4), np.int64(9), np.int64(6), np.int64(6)]","[np.int64(8), np.int64(2), np.int64(3), np.int64(0), np.int64(12), np.int64(1), np.int64(15), np.int64(13), np.int64(5), np.int64(15), np.int64(1), np.int64(9), np.int64(1), np.int64(12), np.int64(10), np.int64(15)]",False,False,0.0,0.0,[14  6 14  8  7 14  7  7 15  4  4  5 13  7  7  7],[14  6 15  2  7  4  7  7 15 14 14  2 13  7  7  7],True,True,0.796875,1.0,[14  6 15  2  7  4  7  7  4  4  4  2 13  7  7  7],[14  6 15  8  7 14  7  7 15  6 15  5 13  7  7  7],True,True,0.8125,0.8125
"[1 0 0 0 0 0 1 0 0 0 0 0 1 0 0 0 0 1 1 0 0 0 0 0 0 0 0 1 0 0 0 0 0 1 1 1 0
 1 0 1 1 0 0 0 0 0 0 0 0 0 1 0 0 0 0 0 0 1 0 0 0 0 0 0 0 0 0 0 1 0 0 0 0 0
 1 1 1 0 0 0 0 0 1 0 0 1 1 0 0 0 0 0 0 0 0 0 1 0 0 0 0 1 1 0 0 0 1 0 0 0 0
 0 0 0 1 0 0 0 0 0 1 0 0 0 0 0 1 1 0 0 1 0 0 0 0 1 0 0 0 1 0 0 0 0 0 0 0 1
 0 0 0 0 0 0 1 0 0 0 0 1 0 0 0 0 1 0 1 0 0 1 0 0 0 0 0 0 0 1 0 0 1 0 0 0 1
 0 0 0 0 0 0 0 1 0 0 0 1 0 0 0 0 0 0 0 1 0 0 0 0 0 0 0 0 0 0 0 0 0 0 0 0 0
 0 0 0 0 0 0 0 0 0 1 0 0 0 0 0 0 1 0 0 0 0 0 0 0 0 1 0 1 0 0 0 0 0 1]",0,[ 0  2  5  2 12  6  0  2  2 10  6  4  0 13  7  9],[ 0 11  5  9 12  6  0  2 11 10  6  4  0 13  7  9],True,True,1.0,1.0,"[np.int64(14), np.int64(5), np.int64(11), np.int64(6), np.int64(9), np.int64(12), np.int64(0), np.int64(0), np.int64(11), np.int64(4), np.int64(0), np.int64(13), np.int64(3), np.int64(13), np.int64(13), np.int64(2)]","[np.int64(0), np.int64(11), np.int64(5), np.int64(1), np.int64(6), np.int64(11), np.int64(13), np.int64(11), np.int64(12), np.int64(5), np.int64(0), np.int64(14), np.int64(12), np.int64(3), np.int64(11), np.int64(2)]",False,False,0.0,0.0,[ 0  2  5  9 12  6  0  2 11 10  6  4  0  7  7  9],[ 0 11  5  9 12  6  0  2 11 10  6  4  0 13  7  9],False,True,0.796875,1.0,[ 0 11  5  9 12  6  0  2 11 10  6  4  0  0  7  9],[ 0  2  5  9 12  6  0  2  2 10  6  4  0  0  7  9],False,False,0.8125,0.8125
"[0 0 1 1 1 1 0 1 0 0 1 1 0 0 0 1 0 0 0 0 1 0 0 0 0 0 1 0 1 0 1 0 1 0 0 0 0
 1 0 0 1 0 0 0 0 0 1 0 1 0 0 1 1 1 0 0 0 0 0 0 1 0 0 0 1 1 0 1 0 1 1 0 1 1
 0 0 0 0 1 0 1 0 1 1 1 1 0 0 1 0 0 1 1 0 0 0 0 0 0 0 1 0 1 0 1 0 0 1 1 0 0
 0 1 0 0 0 0 0 0 1 1 0 0 1 1 0 0 0 0 0 1 0 1 1 1 1 0 0 0 0 0 1 0 0 0 0 0 0
 1 0 0 0 0 0 0 1 1 0 1 0 1 1 0 0 0 0 0 0 0 0 1 1 1 0 0 0 1 0 0 0 0 1 1 1 0
 1 1 0 0 0 0 0 0 1 0 1 0 1 1 1 0 1 1 0 1 1 1 1 0 0 0 0 0 0 0 0 1 0 0 0 1 0
 1 0 0 1 1 0 1 0 0 0 0 1 0 0 1 1 1 0 1 0 0 0 0 0 0 0 0 0 0 0 1 0 0 1]",5,[ 5  4  5  5  5  5  4  0  5  4  0  5  5 12  4  0],[ 5  4  5  5  5  5 12 12  5 12  0  5  5 12  4  0],True,True,1.0,1.0,"[np.int64(14), np.int64(11), np.int64(8), np.int64(14), np.int64(0), np.int64(0), np.int64(15), np.int64(7), np.int64(14), np.int64(7), np.int64(4), np.int64(7), np.int64(13), np.int64(8), np.int64(10), np.int64(12)]","[np.int64(13), np.int64(9), np.int64(5), np.int64(10), np.int64(15), np.int64(1), np.int64(13), np.int64(7), np.int64(9), np.int64(2), np.int64(8), np.int64(9), np.int64(5), np.int64(11), np.int64(4), np.int64(5)]",False,False,0.0,0.0,[ 5 12  5  5  5  5 12  8  5 11 11  5  5 12  2 12],[ 5  4  5  5  5  5  4 12  5  4 12  5  5  8  2 12],True,True,0.796875,1.0,[5 4 5 5 5 5 4 0 5 4 0 5 5 8 2 0],[ 5  4  5  5  5  5  8  8  5 12 12  5  5  8 12 12],True,True,0.8125,0.8125
"[0 1 1 0 0 0 1 1 0 1 1 1 0 0 0 0 1 1 0 0 0 0 0 1 1 0 1 0 0 1 0 0 1 0 0 1 0
 0 0 0 0 1 0 0 0 0 1 0 0 0 1 1 0 0 0 0 0 0 0 1 1 0 1 0 0 0 0 0 0 0 1 0 0 0
 0 0 0 0 0 0 0 0 0 0 0 0 0 0 0 0 0 1 1 1 0 1 1 0 0 0 1 0 1 0 0 1 0 1 0 0 0
 0 1 1 0 0 0 0 0 0 1 0 0 1 0 0 0 0 0 1 0 0 0 0 0 1 0 0 0 0 0 0 0 0 1 0 1 0
 0 0 1 0 0 0 0 1 0 0 0 0 1 1 0 0 0 0 0 0 0 0 0 0 0 1 0 0 1 0 0 1 0 1 1 1 0
 1 0 0 1 1 0 0 0 0 0 1 0 1 0 0 0 0 0 1 0 0 0 0 0 1 0 0 0 1 0 0 0 0 1 1 0 0
 0 0 0 0 1 1 0 0 0 0 0 0 0 0 0 0 0 0 0 0 0 0 0 1 0 0 0 0 0 0 0 0 0 1]",2,[ 2  0  2  2  6 11  0  0  1  2  0  3  3  1  2  5],[ 2  0  2  2  6 11  0  0  1  2  0  3  3 11  2  5],True,True,1.0,1.0,"[np.int64(12), np.int64(11), np.int64(2), np.int64(9), np.int64(8), np.int64(11), np.int64(4), np.int64(6), np.int64(11), np.int64(3), np.int64(10), np.int64(13), np.int64(9), np.int64(6), np.int64(7), np.int64(2)]","[np.int64(0), np.int64(6), np.int64(15), np.int64(10), np.int64(3), np.int64(13), np.int64(11), np.int64(11), np.int64(10), np.int64(13), np.int64(13), np.int64(5), np.int64(8), np.int64(2), np.int64(14), np.int64(15)]",False,False,0.0,0.0,[ 2  0  2  2  6 12  0  0  7  2  0  0  3 11  2  5],[ 2  0  2  2  6 12  0  0  7  2  0  3  3 11  2  5],True,True,0.796875,1.0,[ 2  0  2  2  6 11  9  0  1  2  0  9  3  1  2  5],[ 2  0  2  2  6 11  9  0  1  2  0  9  3 10  2  5],True,True,0.8125,0.8125
"[0 0 0 0 0 0 0 1 1 1 0 0 0 0 1 1 0 1 1 0 1 1 0 0 0 0 0 0 0 1 0 1 0 1 1 0 0
 0 0 0 0 1 0 1 0 0 0 0 0 0 0 0 0 0 1 0 0 1 0 0 0 0 0 0 0 1 0 0 0 1 0 0 0 0
 0 0 0 0 0 0 0 1 0 0 1 1 0 0 0 0 1 1 1 1 0 0 0 0 0 1 0 0 1 1 0 0 0 0 0 1 0
 0 1 0 0 0 0 0 1 0 0 0 0 0 0 0 0 0 1 0 0 0 0 0 0 0 1 0 0 0 0 0 0 0 1 0 1 1
 0 0 0 0 0 1 0 0 0 0 0 0 0 0 0 0 0 1 0 0 0 0 1 1 0 0 0 0 0 0 1 0 0 1 0 0 0
 0 1 1 0 0 0 0 0 0 0 0 0 1 0 0 0 0 0 0 0 0 0 0 0 1 0 0 0 1 1 0 0 0 0 0 0 1
 1 0 1 0 0 0 0 0 0 0 0 0 0 0 0 1 1 1 1 1 0 0 0 0 0 0 0 0 0 0 0 0 1 1]",7,[ 7 15  9  6  5 13  7  7  0  0  5  2  5  6  0  0],[ 7 13  9  6  5 13  7  7  0  0  5  2  5  6  0  0],True,True,1.0,1.0,"[np.int64(3), np.int64(0), np.int64(3), np.int64(1), np.int64(2), np.int64(1), np.int64(0), np.int64(11), np.int64(7), np.int64(12), np.int64(1), np.int64(5), np.int64(0), np.int64(9), np.int64(3), np.int64(1)]","[np.int64(8), np.int64(11), np.int64(12), np.int64(1), np.int64(4), np.int64(0), np.int64(5), np.int64(9), np.int64(15), np.int64(8), np.int64(8), np.int64(3), np.int64(11), np.int64(12), np.int64(6), np.int64(12)]",False,False,0.0,0.0,[ 7 13  9  6  5 13  7  7  0  0  5  2  5  6  0  0],[ 7 13  9  6  5 13  7  7  0  0  5  5  5  6  0  0],True,True,0.796875,1.0,[ 7 13  9  6  5 13  7  7  0  0  5  5  5  6  0  0],[ 7 13  9  6  1 13  7  7  0  0  5  5  5  6  0  0],True,True,0.8125,0.8125
"[1 0 0 0 0 1 0 0 1 1 0 1 0 0 0 0 0 0 0 1 0 1 1 0 0 1 0 0 1 1 0 0 0 0 1 1 1
 1 0 0 0 0 0 0 0 0 1 1 0 1 1 1 0 1 1 1 0 0 0 1 0 0 0 0 0 0 1 0 1 0 0 0 0 0
 0 1 0 0 0 0 1 1 1 1 0 0 0 0 1 0 1 0 0 0 1 0 0 1 0 1 0 0 0 0 1 0 0 0 0 0 1
 0 0 0 0 1 0 0 0 1 0 0 0 0 0 1 0 0 1 0 0 0 0 1 1 0 0 0 1 0 1 1 0 0 1 1 0 0
 0 0 0 0 0 1 1 0 0 1 0 0 0 0 0 0 0 1 0 0 1 1 1 0 1 0 0 0 1 0 0 1 1 0 0 0 0
 0 0 1 1 0 1 0 0 1 0 0 0 0 0 0 1 0 1 1 0 0 0 0 0 1 0 0 0 0 0 1 1 1 0 0 0 0
 0 0 0 0 1 0 0 1 1 0 0 0 0 1 0 0 0 0 0 0 1 0 0 0 0 0 0 0 0 0 0 0 0 0]",5,[ 5  5  5  5  2  5 14  3  5  0  5  0 10  8  5  2],[ 5  5  5  5  2  5  1  3  5 10  5  3  1  8  5  2],True,True,1.0,1.0,"[np.int64(6), np.int64(3), np.int64(14), np.int64(11), np.int64(11), np.int64(8), np.int64(8), np.int64(7), np.int64(1), np.int64(13), np.int64(2), np.int64(0), np.int64(3), np.int64(15), np.int64(3), np.int64(5)]","[np.int64(4), np.int64(2), np.int64(3), np.int64(4), np.int64(12), np.int64(14), np.int64(5), np.int64(14), np.int64(5), np.int64(11), np.int64(6), np.int64(11), np.int64(9), np.int64(8), np.int64(13), np.int64(1)]",False,False,0.0,0.0,[ 5  5  5  5  2  5  3  3  5  1  5  3 10  8  5  2],[ 5  5  5  5  2  5  8  3  5 10  5  0  8  8  5  2],True,True,0.796875,1.0,[5 5 5 5 2 5 1 3 5 0 5 0 1 1 5 2],[ 5  5  5  5  2  5  8  3  5  1  5 14  8  8  5  2],True,True,0.8125,0.8125
"[1 0 0 0 0 0 0 0 0 1 0 1 0 1 1 0 0 1 0 1 1 0 1 0 1 1 1 0 0 0 0 0 0 0 1 1 0
 0 1 0 0 1 0 1 0 0 0 0 0 1 1 0 0 0 0 1 1 0 1 1 1 0 0 0 0 1 0 0 1 0 1 1 0 0
 1 0 1 0 1 0 0 0 0 0 0 1 0 1 1 0 1 0 0 0 0 0 0 1 1 0 1 0 1 1 0 0 0 0 0 0 0
 0 0 0 0 1 1 1 1 0 1 0 0 0 0 0 0 0 0 1 0 1 0 1 0 1 0 1 0 0 0 1 0 0 1 1 1 0
 0 0 0 0 1 1 1 0 0 1 1 0 0 1 0 1 1 1 0 0 0 1 1 1 0 0 0 1 1 0 1 1 0 0 0 0 0
 0 1 1 0 0 0 0 0 0 0 1 1 0 0 0 0 0 0 0 1 1 0 0 1 0 0 0 0 0 0 0 1 1 0 0 1 1
 0 0 1 0 0 0 1 0 0 0 0 1 0 0 0 0 0 0 0 0 0 0 0 0 0 0 0 0 1 0 0 0 0 1]",6,[ 9  6  6  7  6  7  6  6  1  2  4  2  4  8  4 10],[14  6  6  1  6  7  6  6  7  1  4  2  4  9  4 10],True,True,1.0,1.0,"[np.int64(5), np.int64(12), np.int64(15), np.int64(4), np.int64(2), np.int64(5), np.int64(11), np.int64(11), np.int64(14), np.int64(3), np.int64(3), np.int64(7), np.int64(6), np.int64(14), np.int64(12), np.int64(8)]","[np.int64(1), np.int64(2), np.int64(3), np.int64(3), np.int64(1), np.int64(13), np.int64(4), np.int64(4), np.int64(13), np.int64(14), np.int64(4), np.int64(11), np.int64(1), np.int64(4), np.int64(6), np.int64(14)]",False,False,0.0,0.0,[14  6  6  2  6  7  6  6  1  1  1  2  4 12  4 10],[ 9  6  6  1  6  7  6  6  1  1  4  2  4  9  4 10],True,True,0.796875,1.0,[ 9  6  6  1  6  7  6  6  1  1  1  2  4  9  4 10],[14  6  6  7  6  7  6  6  7  1  4  2  4  9  4 10],True,True,0.8125,0.8125
"[1 0 0 0 0 0 0 0 0 0 0 1 0 1 0 1 0 0 0 0 1 0 1 0 1 0 0 1 0 1 0 0 0 0 0 0 1
 0 0 1 0 0 0 1 1 1 0 0 0 0 0 1 1 0 0 1 0 1 0 0 0 0 0 1 0 1 1 1 0 0 0 0 0 0
 1 1 1 0 0 0 0 0 0 0 0 0 0 0 1 0 1 1 0 0 0 1 0 1 0 0 0 0 0 0 0 0 0 0 0 1 0
 0 0 0 1 1 0 0 0 0 1 0 0 0 0 0 0 1 0 1 0 0 0 1 0 1 1 0 0 0 1 0 0 0 0 0 0 1
 0 0 0 0 0 1 0 0 0 0 0 0 0 0 0 0 1 1 0 0 0 0 0 0 0 1 0 1 1 1 1 0 1 1 0 0 0
 0 0 1 0 0 0 0 0 0 1 0 1 0 0 0 1 0 0 0 1 1 1 0 1 1 1 0 0 0 1 0 0 0 1 0 1 0
 1 0 0 0 0 0 0 0 0 0 0 0 0 0 1 1 0 1 1 0 0 1 0 1 0 1 0 0 1 0 0 0 1 0]",3,[15  4  7  3  3 15  1  3  7  3  4  4  4 10 15  3],[15  4  7  3  3 15  1  3  7  3  4  4  4 14 15  3],True,True,1.0,1.0,"[np.int64(7), np.int64(2), np.int64(14), np.int64(3), np.int64(13), np.int64(10), np.int64(13), np.int64(11), np.int64(10), np.int64(0), np.int64(1), np.int64(4), np.int64(7), np.int64(10), np.int64(0), np.int64(15)]","[np.int64(11), np.int64(6), np.int64(4), np.int64(3), np.int64(8), np.int64(11), np.int64(4), np.int64(12), np.int64(1), np.int64(7), np.int64(2), np.int64(14), np.int64(8), np.int64(13), np.int64(0), np.int64(15)]",False,False,0.0,0.0,[15  4  7  3  3 15  1  3  7  3  4  4  4 14 15  3],[15  4  4  3  3 15  1  3  7  3  4  4  4 12 15  3],True,True,0.796875,1.0,[15  4  4  3  3 15  1  3  7  3  4  4  4  1 15  3],[15  4  4  3  3 15  1  3  7  3  4  4  4  2 15  3],True,True,0.8125,0.8125
"[1 0 0 0 0 1 0 0 0 1 0 0 0 0 1 0 0 1 1 0 0 1 0 0 0 0 0 0 0 0 1 1 0 1 0 1 0
 0 0 0 1 1 0 0 1 0 1 0 0 0 1 1 0 0 0 0 1 0 0 0 0 0 0 0 0 0 0 0 0 1 0 0 0 0
 0 0 0 0 1 0 1 1 0 0 1 0 1 0 0 0 1 0 0 1 1 0 0 0 0 0 0 1 0 0 0 0 0 0 0 0 0
 1 0 0 0 0 0 0 0 1 0 0 1 1 0 0 0 0 0 0 1 1 0 0 0 0 1 0 0 0 0 0 0 0 1 0 1 0
 0 0 0 0 0 0 0 0 0 0 0 0 0 0 0 0 0 1 0 1 0 0 1 0 1 0 0 1 0 0 0 0 0 0 0 1 0
 0 0 1 0 1 0 0 0 0 1 0 0 0 0 0 0 0 1 0 0 0 0 1 0 0 0 0 0 1 0 0 0 0 0 1 0 1
 0 1 1 1 1 0 1 1 0 0 0 0 0 0 0 0 1 0 0 1 0 0 0 0 1 0 0 0 1 0 1 1 0 1]",11,[ 5  5  1  2  5 13  5 11  2  0  7 11 15 11  5 13],[ 5 15 12  2  5 13  5 11  2  0  7 11 10 11  5 13],True,True,1.0,1.0,"[np.int64(7), np.int64(5), np.int64(15), np.int64(3), np.int64(1), np.int64(14), np.int64(6), np.int64(7), np.int64(15), np.int64(0), np.int64(13), np.int64(9), np.int64(0), np.int64(1), np.int64(1), np.int64(5)]","[np.int64(13), np.int64(4), np.int64(5), np.int64(7), np.int64(1), np.int64(4), np.int64(8), np.int64(2), np.int64(12), np.int64(8), np.int64(4), np.int64(5), np.int64(14), np.int64(6), np.int64(15), np.int64(7)]",False,False,0.0,0.0,[ 5  5 14  2  5 13 15 11  2  0  7 11 10 11  5 13],[ 5 15  1  2  5 13 15 11  2  0  7 11 15 11  5 13],True,True,0.796875,1.0,[ 5  5  1  2  5 13  5 11  2  0  7 11 10 11  5 13],[ 5 15 12  2  5 13 15 11  2  0  7 11 10 11  5 13],True,True,0.8125,0.8125
"[1 0 1 1 0 0 0 1 0 0 1 0 0 0 0 1 0 0 1 0 0 0 0 1 0 0 0 0 0 0 0 0 1 1 1 0 1
 0 0 1 1 0 1 1 0 0 0 0 1 0 0 1 0 0 1 0 0 0 1 0 0 1 0 1 0 0 1 0 1 0 1 1 0 0
 0 1 0 1 1 0 0 0 0 0 0 1 1 0 1 0 0 0 0 0 0 1 0 0 0 1 1 1 1 0 0 0 0 1 0 0 0
 0 1 1 1 0 1 0 0 0 0 1 0 1 0 0 0 0 0 0 1 0 0 1 0 0 0 0 0 0 1 1 0 0 0 0 0 0
 0 0 0 1 0 0 0 1 0 1 0 0 1 0 1 1 0 0 0 0 0 0 1 0 0 1 1 0 0 0 1 0 1 0 1 1 0
 1 0 1 1 0 1 0 0 0 0 0 0 0 0 0 1 0 0 1 0 1 0 0 0 0 0 1 1 0 0 0 1 1 1 0 1 1
 0 1 0 0 0 0 1 0 0 0 0 0 1 1 0 0 1 0 1 0 0 1 0 1 0 0 0 0 0 0 0 1 0 1]",11,[ 7  7 11  6 11  6 11 11  2 11  2 11 11  4 11  3],[ 2  7 11  6 11  6 11 11 12 11 14 11 11  4 11 13],True,True,1.0,1.0,"[np.int64(12), np.int64(2), np.int64(5), np.int64(0), np.int64(9), np.int64(11), np.int64(4), np.int64(9), np.int64(12), np.int64(15), np.int64(9), np.int64(12), np.int64(11), np.int64(9), np.int64(15), np.int64(8)]","[np.int64(12), np.int64(3), np.int64(3), np.int64(11), np.int64(8), np.int64(12), np.int64(1), np.int64(11), np.int64(6), np.int64(5), np.int64(4), np.int64(15), np.int64(1), np.int64(3), np.int64(12), np.int64(3)]",False,False,0.0,0.0,[ 7  7 11  6 11  6 11 11 12 11  2 11 11  9 11  3],[ 2  2 11  6 11  6 11 11  2 11 14 11 11 12 11  3],True,True,0.796875,1.0,[ 2  2 11  6 11  6 11 11  2 11  2 11 11  4 11  0],[ 2  2 11  6 11  6 11 11 12 11  2 11 11  4 11  3],True,True,0.8125,0.8125
"[1 0 0 0 0 0 0 0 0 0 0 0 1 1 1 0 0 0 0 0 0 0 1 0 1 0 1 0 1 0 0 0 0 0 1 1 0
 1 1 0 0 0 0 0 0 0 1 0 0 0 1 0 0 1 1 1 1 0 0 0 1 1 0 0 0 0 0 0 0 0 0 1 0 0
 0 0 1 0 1 0 0 0 1 1 0 1 1 0 0 0 0 0 0 0 0 0 0 1 1 1 0 1 0 1 0 0 0 0 0 0 1
 0 0 0 0 1 1 0 1 0 0 0 0 0 0 0 1 0 0 1 0 1 0 0 0 0 0 0 0 0 0 1 0 1 0 0 0 0
 0 0 0 0 0 0 0 0 0 1 0 0 0 1 0 0 0 0 0 0 0 0 0 1 0 0 0 1 0 0 0 0 0 0 0 0 0
 0 1 1 0 0 0 1 1 1 0 1 1 0 0 0 0 0 0 0 1 0 1 0 1 0 0 1 0 0 0 0 1 1 0 0 0 1
 0 0 1 0 1 0 1 0 1 1 0 0 0 0 1 0 1 0 0 0 0 0 0 0 0 0 1 0 1 1 0 0 0 0]",6,[14  6  6  6  7  6  6  6  3 13  1 10  1  3  6 10],[14  6  6  6 14  6  6  6  3 13  1 10  3  3  6  8],True,True,1.0,1.0,"[np.int64(9), np.int64(2), np.int64(3), np.int64(5), np.int64(13), np.int64(4), np.int64(14), np.int64(4), np.int64(14), np.int64(6), np.int64(1), np.int64(3), np.int64(14), np.int64(15), np.int64(0), np.int64(5)]","[np.int64(9), np.int64(12), np.int64(7), np.int64(5), np.int64(3), np.int64(10), np.int64(10), np.int64(15), np.int64(9), np.int64(14), np.int64(6), np.int64(9), np.int64(14), np.int64(15), np.int64(1), np.int64(9)]",False,False,0.0,0.0,[14  6  6  6  7  6  6  6  1 13  1 10 14  3  6 10],[14  6  6  6 14  6  6  6  1 13  1 10  3  3  6 10],True,True,0.796875,1.0,[14  6  6  6  7  6  6  6  1 13  1 10  1  3  6 10],[14  6  6  6 14  6  6  6  1 13  1 10  1  3  6  8],True,True,0.8125,0.8125
"[1 1 0 1 1 0 0 0 1 0 1 1 0 0 0 0 1 0 0 1 0 1 0 0 0 0 0 0 0 0 0 0 0 0 1 1 0
 1 1 0 0 0 1 0 0 0 0 1 1 1 1 0 0 0 0 0 0 0 0 0 0 0 0 0 1 0 0 0 0 1 0 0 0 0
 0 0 1 1 0 0 0 1 1 0 1 1 0 0 0 1 1 0 0 1 0 1 0 0 1 0 0 0 0 0 0 1 0 0 0 0 0
 0 0 0 0 0 0 0 0 1 1 0 0 0 0 0 0 0 1 0 0 0 0 0 0 1 0 1 1 0 0 0 0 1 0 0 0 0
 0 1 1 0 1 1 1 0 0 0 0 0 1 0 1 0 0 1 0 0 1 1 1 0 0 0 0 1 1 0 0 0 0 0 0 0 0
 0 0 0 0 1 0 0 0 0 0 0 1 0 0 0 0 0 0 0 1 0 0 0 0 0 0 0 1 1 0 0 0 0 0 1 0 0
 0 0 0 0 0 0 0 0 0 0 0 0 0 0 0 0 0 0 0 0 1 0 0 1 0 0 1 0 1 0 0 0 0 1]",1,[ 1  1  3  1  0  1  9  8  0  5  5  0  4  5 14  5],[ 1  1  3  1  5  1  2  8  0  5  5  0  4  5 14  5],True,True,1.0,1.0,"[np.int64(10), np.int64(9), np.int64(6), np.int64(14), np.int64(7), np.int64(14), np.int64(1), np.int64(6), np.int64(1), np.int64(2), np.int64(5), np.int64(14), np.int64(14), np.int64(11), np.int64(12), np.int64(6)]","[np.int64(1), np.int64(7), np.int64(14), np.int64(8), np.int64(3), np.int64(5), np.int64(11), np.int64(0), np.int64(7), np.int64(1), np.int64(3), np.int64(5), np.int64(9), np.int64(3), np.int64(10), np.int64(7)]",False,False,0.0,0.0,[ 1  1  5  1  0  1  2  8  0  5  5  0  4  5 12  5],[ 1  1  5  1  5  1  9  8  0  5  0  0  4  5 14  5],False,True,0.796875,1.0,[1 1 3 1 0 1 2 8 0 5 0 0 4 5 0 5],[1 1 3 1 0 1 2 8 0 5 0 0 4 5 0 5],False,False,0.8125,0.8125
"[1 0 0 0 0 0 0 1 1 0 0 0 0 0 0 0 0 1 1 0 0 1 0 0 1 0 0 0 0 0 0 1 0 1 0 0 0
 1 1 0 0 0 0 0 0 0 0 0 0 0 0 1 1 0 0 0 0 0 0 0 0 0 1 0 0 0 0 1 1 0 1 1 0 0
 0 0 0 0 0 0 0 1 1 0 0 0 0 0 0 1 0 0 1 1 0 0 0 0 1 0 1 0 0 0 1 0 0 1 0 0 0
 1 1 0 0 0 1 0 0 0 0 0 1 0 0 0 0 1 1 1 0 0 0 0 1 0 0 0 1 0 0 1 0 0 0 0 0 0
 0 1 0 0 0 0 1 0 1 0 1 0 0 0 0 0 0 0 0 1 1 1 1 1 0 0 1 0 0 0 0 0 0 0 1 0 0
 0 1 1 0 1 0 1 0 0 0 0 0 1 0 0 0 1 0 0 0 0 0 0 0 0 0 0 0 1 0 0 1 0 0 1 0 1
 0 1 0 0 0 1 0 0 0 0 0 1 1 0 0 0 1 0 0 1 0 0 0 0 1 1 0 0 0 1 0 1 0 1]",8,[ 8  8  1  4  6 13  8  0  8 10  8 10  5  8 10  6],[ 8  8  6 14  6  1  8  0  8 10  8 10  5  8 10  6],True,True,1.0,1.0,"[np.int64(13), np.int64(0), np.int64(5), np.int64(3), np.int64(2), np.int64(13), np.int64(0), np.int64(2), np.int64(2), np.int64(3), np.int64(9), np.int64(4), np.int64(11), np.int64(4), np.int64(12), np.int64(0)]","[np.int64(13), np.int64(14), np.int64(1), np.int64(8), np.int64(14), np.int64(5), np.int64(10), np.int64(6), np.int64(1), np.int64(2), np.int64(3), np.int64(2), np.int64(9), np.int64(10), np.int64(12), np.int64(15)]",False,False,0.0,0.0,[ 8  8  1 14  6 13  8  0  8 10  8  6  5  8 10 13],[ 8  8  6 14  6  1  8 10  8 10  8 10  5  8 10  6],True,True,0.796875,1.0,[ 8  8  1  4  6  1  8  0  8 10  8  6  5  8 10  1],[ 8  8  6 14  6  1  8 10  8 10  8 10  5  8 10  6],True,True,0.8125,0.8125
"[1 1 0 0 0 0 0 0 0 0 1 1 0 1 1 0 1 0 0 0 1 0 0 0 0 0 0 1 1 0 1 0 0 0 0 0 0
 0 1 0 0 0 0 0 0 1 0 1 0 0 0 0 0 0 1 1 1 0 1 0 0 0 0 0 0 1 0 0 1 0 0 0 0 1
 0 1 1 0 1 0 0 0 0 0 0 0 0 0 0 0 0 0 0 0 0 0 0 0 1 1 0 0 0 0 1 0 1 0 0 0 0
 0 0 0 0 1 0 0 0 0 0 0 1 0 0 1 0 0 0 0 0 1 0 0 1 0 0 0 0 0 0 0 0 1 0 0 0 0
 1 0 0 0 0 0 0 0 0 0 1 0 1 0 0 1 0 0 1 1 0 0 0 0 1 0 0 0 1 1 0 0 1 0 0 0 0
 0 0 1 0 1 0 0 0 1 0 0 1 0 0 0 0 0 1 0 0 0 0 0 1 0 1 0 0 0 0 1 0 0 0 1 0 0
 0 0 1 1 0 0 1 0 0 0 0 1 0 0 0 0 1 0 0 0 1 0 0 0 0 0 1 0 0 0 0 0 0 0]",14,[14 14 13 10 14  5 10 13  3 14  0  0  1  0 14  2],[14 14 13 10 14  5 10 10  6 14  0  4  1  0 14  2],True,True,1.0,1.0,"[np.int64(11), np.int64(4), np.int64(1), np.int64(8), np.int64(12), np.int64(1), np.int64(0), np.int64(4), np.int64(4), np.int64(15), np.int64(3), np.int64(10), np.int64(2), np.int64(15), np.int64(12), np.int64(15)]","[np.int64(4), np.int64(14), np.int64(2), np.int64(8), np.int64(4), np.int64(13), np.int64(1), np.int64(12), np.int64(6), np.int64(14), np.int64(9), np.int64(0), np.int64(12), np.int64(3), np.int64(11), np.int64(12)]",False,False,0.0,0.0,[14 14 13 10 14  6 10 10  6 14  0  4  1  0 14  2],[14 14 13 10 14  5 10 10  3 14  0  4  4  0 14  2],False,True,0.796875,1.0,[14 14 13 10 14  0 10 10  3 14  0  4  1  0 14  2],[14 14 13 10 14  0 10 10  6 14  0  0  4  0 14  2],False,False,0.8125,0.8125
"[1 0 0 0 0 0 0 0 0 0 0 1 0 1 0 1 0 0 0 0 1 0 1 0 1 0 0 1 0 1 0 0 0 0 0 0 1
 0 0 1 0 0 0 1 1 1 0 0 0 0 0 1 1 0 0 1 0 1 0 0 0 0 0 1 0 1 1 1 0 0 0 0 0 0
 1 1 1 0 0 0 0 0 0 0 0 0 0 0 1 0 1 1 0 0 0 1 0 1 0 0 0 0 0 0 0 0 0 0 0 1 0
 0 0 0 1 1 0 0 0 0 1 0 0 0 0 0 0 1 0 1 0 0 0 1 0 1 1 0 0 0 1 0 0 0 0 0 0 1
 0 0 0 0 0 1 0 0 0 0 0 0 0 0 0 0 1 1 0 0 0 0 0 0 0 1 0 1 1 1 1 0 1 1 0 0 0
 0 0 1 0 0 0 0 0 0 1 0 1 0 0 0 1 0 0 0 1 1 1 0 1 1 1 0 0 0 1 0 0 0 1 0 1 0
 1 0 0 0 0 0 0 0 0 0 0 0 0 0 1 1 0 1 1 0 0 1 0 1 0 1 0 0 1 0 0 0 1 0]",3,[15  4  7  3  3 15  1  3  7  3 15  4  4  2 15  3],[15  4  4  3  3 15  1  3  7  3  4  4  4 12 15  3],True,True,1.0,1.0,"[np.int64(4), np.int64(6), np.int64(12), np.int64(10), np.int64(15), np.int64(4), np.int64(2), np.int64(4), np.int64(7), np.int64(14), np.int64(15), np.int64(1), np.int64(9), np.int64(11), np.int64(11), np.int64(7)]","[np.int64(7), np.int64(12), np.int64(14), np.int64(5), np.int64(13), np.int64(5), np.int64(6), np.int64(13), np.int64(0), np.int64(9), np.int64(13), np.int64(6), np.int64(9), np.int64(3), np.int64(11), np.int64(7)]",False,False,0.0,0.0,[15  4  4  3  3 15  1  3  7  3 15  4  4  1 15  3],[15  4  4  3  3 15  1  3  7  3 15  4  4  2 15  3],True,True,0.796875,1.0,[15  4  4  3  3 15  1  3  7  3  4  4  4  1 15  3],[15  4  4  3  3 15  1  3  7  3  4  4  4  2 15  3],True,True,0.8125,0.8125
"[0 1 0 0 0 0 0 0 1 0 1 0 0 0 0 0 1 0 1 0 0 0 1 0 1 0 0 0 1 1 0 1 0 1 1 0 1
 0 0 0 0 0 0 0 0 0 0 1 0 0 0 0 1 0 0 1 0 1 0 1 0 1 1 0 0 0 1 1 1 0 0 0 0 1
 0 0 0 0 0 0 0 0 0 0 0 0 0 1 0 1 0 0 1 0 1 0 0 1 0 0 0 0 1 0 0 0 1 0 0 0 0
 0 0 0 0 1 0 1 0 0 0 0 0 0 1 0 0 0 1 1 0 0 0 0 0 0 0 0 0 1 0 0 1 1 0 0 0 1
 1 1 0 0 0 0 0 0 1 0 1 1 1 0 0 0 0 0 1 0 0 0 1 0 1 1 1 0 0 0 0 1 0 0 0 0 1
 0 0 0 0 1 1 0 0 1 0 0 0 1 0 1 0 1 1 0 0 0 0 0 0 1 0 1 0 0 0 0 0 0 1 1 0 1
 0 1 0 0 0 1 0 1 0 0 1 1 1 1 0 0 0 0 0 1 1 0 0 0 0 0 1 1 0 0 0 1 0 1]",9,[ 8 15 15  9  9  9 10  5 14  9 12  3  9 15  9  9],[10 12  4  9  9  9 10  5 15  9 14  3  9  3  9  9],True,True,1.0,1.0,"[np.int64(7), np.int64(10), np.int64(12), np.int64(11), np.int64(0), np.int64(4), np.int64(8), np.int64(1), np.int64(4), np.int64(9), np.int64(6), np.int64(15), np.int64(8), np.int64(7), np.int64(8), np.int64(3)]","[np.int64(14), np.int64(9), np.int64(9), np.int64(10), np.int64(0), np.int64(9), np.int64(5), np.int64(5), np.int64(14), np.int64(1), np.int64(14), np.int64(2), np.int64(1), np.int64(1), np.int64(13), np.int64(3)]",False,False,0.0,0.0,[ 1 15 15  9  9  9 10  3 14  9 14 14  9  3  9  9],[10 15 15  9  9  9 10  5 15  9 14 14  9  3  9  9],True,True,0.796875,1.0,[ 1 12  4  9  9  9  1  3 14  9 12  3  9  3  9  9],[ 1 12  4  9  9  9 10 12 14  9 12  3  9  3  9  9],True,True,0.8125,0.8125
