0,1,2,3
Train KlDiv,Mean 1-abs(error),Num Steps,Examples Seen
0.30978236,0.9011897478868945,0,32
0.020277962,0.9944585933800547,50,1632
0.0028380943,0.9947645660854212,100,3232
0.001995013,0.995182130333812,150,4832
0.0013471922,0.9950332915802832,200,6432
0.0014985796,0.9962390071282707,250,8032
0.0016673268,0.9958168354896049,300,9632
0.0016106016,0.996215608048301,350,11232
0.0011984542,0.9961303947728638,400,12832
0.0012899763,0.9968110814077641,450,14432
0.0012276216,0.9957078192095065,500,16032
0.0012593784,0.9956820561153935,550,17632
0.0012343064,0.9964933002065044,600,19232
0.00094993657,0.9970185471924105,650,20832
0.0009093413,0.9964606428899345,700,22432
0.0011642692,0.9969560990244086,750,24032
0.0010050073,0.995055487673902,800,25632
0.0009798356,0.9970770467936898,850,27232
0.0011745052,0.9959372775556381,900,28832
0.0036597634,0.9947469099155277,950,30432
0.0032108508,0.9945255135962707,1000,32032
0.0019572133,0.9961696220217497,1050,33632
0.0010943888,0.9957397857140879,1100,35232
0.0009373278,0.9958915599747505,1150,36832
0.0011749652,0.996302901624657,1200,38432
0.0012955272,0.9958172733310338,1250,40032
0.0015845256,0.9961664289725294,1300,41632
0.0010335287,0.9968496395387025,1350,43232
0.0011254279,0.994939737083187,1400,44832
0.0011079626,0.9962740381259401,1450,46432
0.00096598157,0.9951549916964721,1500,48032
0.0010344596,0.9971305933435721,1550,49632
0.0010668037,0.9962311807854197,1600,51232
0.0010095985,0.9957254382486673,1650,52832
0.0008653611,0.9958767311426777,1700,54432
0.0008936152,0.9948377037297883,1750,56032
0.000877218,0.996621503382376,1800,57632
0.00090633385,0.9961328069195364,1850,59232
0.0011885843,0.9953152665617014,1900,60832
0.0010131805,0.9959368481366269,1950,62432
0.0007685361,0.9961043214192444,2000,64032
0.00087533274,0.9958697918410213,2050,65632
0.0007469693,0.9969028893721457,2100,67232
0.0008639011,0.996083936677618,2150,68832
0.0012977915,0.995334186968323,2200,70432
0.00097602705,0.9961195447084261,2250,72032
0.0010980396,0.9957582615512566,2300,73632
0.00090075977,0.9960290271143555,2350,75232
0.00073641597,0.9959583261697544,2400,76832
0.000813521,0.9961202749827175,2450,78432
0.0010300962,0.9951129858571696,2500,80032
0.0008142494,0.9960767307984364,2550,81632
0.0008271869,0.9972545728475576,2600,83232
0.0008566733,0.9957904042751538,2650,84832
0.00080934097,0.9958632276992497,2700,86432
0.0007779725,0.9963077606240942,2750,88032
0.000807165,0.9963581351956785,2800,89632
0.00083535875,0.9968567409835036,2850,91232
0.00086749974,0.9963982053443823,2900,92832
0.0009101545,0.9954288328257859,2950,94432
0.000967754,0.9964161270630635,3000,96032
0.0008010869,0.9959237704910289,3050,97632
0.00083237427,0.9956668823490211,3100,99232
0.0026715985,0.9955202499158509,3150,100832
0.0012966212,0.9951601401142578,3200,102432
0.0010755885,0.9967051038487448,3250,104032
0.00079700584,0.9958353599154852,3300,105632
0.00085887505,0.9956004720649378,3350,107232
0.0009728626,0.9965223860740142,3400,108832
0.0010068022,0.9965852309880464,3450,110432
0.0007366834,0.9961846170565467,3500,112032
0.0008625655,0.995946715557527,3550,113632
0.0006921566,0.995968351855283,3600,115232
0.0006960364,0.9962112209122692,3650,116832
0.0007722474,0.995779878262324,3700,118432
0.0007844554,0.9964938743681042,3750,120032
0.00081799895,0.9962534909003287,3800,121632
0.0012303068,0.996869227213188,3850,123232
0.0010104468,0.9970863236075909,3900,124832
0.0007819699,0.9969658401568875,3950,126432
0.000933958,0.9955310668576134,4000,128032
0.00076501333,0.9967395799609218,4050,129632
0.0007720837,0.9962736438856474,4100,131232
0.00089829124,0.9968214270670456,4150,132832
0.00081496383,0.9964815694908057,4200,134432
0.0008493595,0.9960858021987062,4250,136032
0.0008382657,0.9965649648713835,4300,137632
0.00095823803,0.9956452058735724,4350,139232
0.0008552822,0.9960952092703551,4400,140832
0.00089838536,0.9955029579794397,4450,142432
0.0007501962,0.9955297333838462,4500,144032
0.000764872,0.9966739122271342,4550,145632
0.0007479643,0.9968935982947691,4600,147232
0.0008222572,0.9957877236147732,4650,148832
0.0009692662,0.9958905873556794,4700,150432
0.0007355239,0.9962800958043262,4750,152032
0.00082846894,0.9962057971078224,4800,153632
0.0007762039,0.9952575385516432,4850,155232
0.0008202961,0.9967824041142199,4900,156832
0.0007619422,0.9964787817632648,4950,158432
0.0008404304,0.9969007902701139,5000,160032
0.00079920434,0.9958289883620677,5050,161632
0.0007119941,0.9959707968077509,5100,163232
0.0009242735,0.9959827237525786,5150,164832
0.00071567,0.9959403902891096,5200,166432
0.00091481657,0.9968031798486963,5250,168032
0.0007040035,0.9964815180445248,5300,169632
0.0013150255,0.9952508125931208,5350,171232
0.0011538218,0.9961331003485159,5400,172832
0.000977278,0.9951095328328792,5450,174432
0.0008930257,0.9967022220230954,5500,176032
0.00085414655,0.9967800987408568,5550,177632
0.00093364174,0.9948855663001797,5600,179232
0.00089259667,0.9962662238567858,5650,180832
0.00072148984,0.9954126720697147,5700,182432
0.0007630079,0.9965943653380913,5750,184032
0.000810869,0.9966271188105715,5800,185632
0.0009193638,0.9963386129946957,5850,187232
0.0007476645,0.9961652117252895,5900,188832
0.0007637955,0.9957143396268943,5950,190432
0.00072259357,0.9957768888226669,6000,192032
0.00080594735,0.9956473697777348,6050,193632
0.0007115187,0.996184142265433,6100,195232
0.000742358,0.9962199239928315,6150,196832
0.00069321477,0.9953988592591956,6200,198432
0.0007465505,0.9965094646138315,6250,200032
0.0008183246,0.9958646470074086,6300,201632
0.00074285426,0.995965648017162,6350,203232
0.00076132565,0.9951942233969702,6400,204832
0.0007501162,0.996708631514702,6450,206432
0.00080799835,0.9955950975044052,6500,208032
0.00084729976,0.9967313573945665,6550,209632
0.00073232804,0.9970442587605668,6600,211232
0.0009151123,0.9963772909808863,6650,212832
0.0008467744,0.9960126402992517,6700,214432
0.00081184594,0.9960680072347503,6750,216032
0.00092482736,0.9963642562878342,6800,217632
0.0007840868,0.9962902605394715,6850,219232
0.0007402966,0.9968491594154467,6900,220832
0.0014803435,0.99557822259065,6950,222432
0.00087659457,0.996299727176589,7000,224032
0.0011344017,0.9967078909182193,7050,225632
0.0009690779,0.995798680168403,7100,227232
0.00091434084,0.9958097508084673,7150,228832
0.0006892463,0.9954093191000613,7200,230432
0.0008926878,0.9962991318336554,7250,232032
0.00078535604,0.9961219646150212,7300,233632
0.00086428394,0.9966358396664909,7350,235232
0.0007799505,0.9957982657818385,7400,236832
0.00089518994,0.9956668974958759,7450,238432
0.0008600814,0.9962938558854237,7500,240032
0.0008194829,0.9957425767630518,7550,241632
0.00079853815,0.9968220180972543,7600,243232
0.0007438372,0.9950775091349926,7650,244832
0.0006888277,0.9946781247107441,7700,246432
0.00071600097,0.9966139236751811,7750,248032
0.0007878233,0.9967585672972032,7800,249632
0.00070888863,0.9964879941365958,7850,251232
0.0009092438,0.9965281756920739,7900,252832
0.0008140557,0.9950680883947147,7950,254432
0.00081939047,0.9955924160262515,8000,256032
0.0008159536,0.9957182849104986,8050,257632
0.0008672705,0.9954161891388338,8100,259232
0.0007298846,0.9964225758420777,8150,260832
0.0009933506,0.9955764252089043,8200,262432
0.00074181095,0.9951354975720943,8250,264032
0.00073928124,0.9955473902276182,8300,265632
0.000819005,0.9966901318694616,8350,267232
0.00078325835,0.9971063723440343,8400,268832
0.00085723324,0.9958414520093897,8450,270432
0.00072712445,0.9961627547917007,8500,272032
0.00076449616,0.9962894247371243,8550,273632
0.00068440934,0.9954819936252202,8600,275232
0.0007163523,0.9961962222012632,8650,276832
0.0006457121,0.9962800294048028,8700,278432
0.00080338155,0.9961169380539063,8750,280032
0.0007014012,0.9957720887538073,8800,281632
0.00068201445,0.9955755523437909,8850,283232
0.0008029817,0.9965883415262159,8900,284832
0.0007954732,0.995504345037713,8950,286432
0.0008529902,0.9958128441103331,9000,288032
0.00072976924,0.9956669480521085,9050,289632
0.00078438973,0.9967150903156812,9100,291232
0.00073263235,0.9967385521419682,9150,292832
0.00077242276,0.9964933689549672,9200,294432
0.0007961735,0.9970818031149545,9250,296032
0.0007618519,0.9956835446620425,9300,297632
0.00069488515,0.9962239392093893,9350,299232
0.0007890317,0.9956013370616699,9400,300832
0.0006956908,0.9957082961305939,9450,302432
0.0008130568,0.9953545419969425,9500,304032
0.00068666256,0.9961648071673148,9550,305632
0.000943934,0.9960161430730827,9600,307232
0.0008808428,0.9960768480137319,9650,308832
0.0008279441,0.9963166127965772,9700,310432
0.0007200937,0.9970723027821584,9750,312032
0.000729638,0.9962966296013226,9800,313632
0.00075484527,0.9964710078763419,9850,315232
0.0006767365,0.9956399620287495,9900,316832
0.0007300355,0.995786579063783,9950,318432
