Algorithm,Train KlDiv,Mean 1-abs(error),Num Steps,Examples Seen
bfs_multi,0.3097824156284332,0.9011897470673261,0,32
bfs_multi,0.020277861305512488,0.9940326953885509,50,1632
bfs_multi,0.0031349776485876646,0.9947031310077079,100,3232
bfs_multi,0.0020041876728646457,0.9951818894491259,150,4832
bfs_multi,0.0013453314700745977,0.9949956491596459,200,6432
bfs_multi,0.0014910213719122112,0.9962683320704749,250,8032
bfs_multi,0.0018735658380319364,0.9953920248006685,300,9632
bfs_multi,0.0017400557597648002,0.9962746112928434,350,11232
bfs_multi,0.00109068374033086,0.9961297108493561,400,12832
bfs_multi,0.0012970136248623022,0.9968755549739482,450,14432
bfs_multi,0.0012398077597026713,0.9957334757708738,500,16032
bfs_multi,0.0012763112329412251,0.9956667008496614,550,17632
bfs_multi,0.001245202690915903,0.9965961813665276,600,19232
bfs_multi,0.0009360657559591345,0.9970559584677685,650,20832
bfs_multi,0.000898481393342081,0.9964530260734996,700,22432
bfs_multi,0.001017554060308612,0.9970705806415375,750,24032
bfs_multi,0.0009154085404406942,0.9950692186220853,800,25632
bfs_multi,0.0009703282730606588,0.9969939630982279,850,27232
bfs_multi,0.0012364762521610828,0.995884664437731,900,28832
bfs_multi,0.001019547251125914,0.9954659426046013,950,30432
bfs_multi,0.0007966209490405163,0.9964196477252113,1000,32032
bfs_multi,0.0010434182247627177,0.9960016107474654,1050,33632
bfs_multi,0.0009299368852407496,0.9958143603714193,1100,35232
bfs_multi,0.0008429815533600049,0.9959578448470348,1150,36832
bfs_multi,0.0009892171651154059,0.9964211250269598,1200,38432
bfs_multi,0.0009192432671648021,0.9959120981734222,1250,40032
bfs_multi,0.0008229669887668933,0.9963749263547095,1300,41632
bfs_multi,0.0008966094254446944,0.9968029687237641,1350,43232
bfs_multi,0.0009428280837892089,0.9950868466764466,1400,44832
bfs_multi,0.0010441682491841675,0.9964077200021632,1450,46432
bfs_multi,0.0008742681045623613,0.995283112862452,1500,48032
bfs_multi,0.0009835748603654792,0.9970011431063013,1550,49632
bfs_multi,0.0011663322806998622,0.9962400037499544,1600,51232
bfs_multi,0.0009247406767190114,0.9957119535979326,1650,52832
bfs_multi,0.0007824189168240992,0.9959235539246649,1700,54432
bfs_multi,0.0008831317203657818,0.9948854033652997,1750,56032
bfs_multi,0.000899671057222804,0.9966672438831166,1800,57632
bfs_multi,0.0008742164617797243,0.9961795084047788,1850,59232
bfs_multi,0.002135235460300464,0.9953165908196662,1900,60832
bfs_multi,0.00121179002973804,0.9955341272020475,1950,62432
bfs_multi,0.0008619966397236567,0.995946221392878,2000,64032
bfs_multi,0.0008606333540228661,0.9958286787971447,2050,65632
bfs_multi,0.0007517382786136295,0.996887465998755,2100,67232
bfs_multi,0.000852547582987313,0.9961128136225066,2150,68832
bfs_multi,0.0010030621078180957,0.9954862374565696,2200,70432
bfs_multi,0.000883916217096612,0.9961205843782126,2250,72032
bfs_multi,0.0009653375201742164,0.9958823220060423,2300,73632
bfs_multi,0.0008097290203909325,0.9961017130024464,2350,75232
bfs_multi,0.0007367889203965205,0.9957757963109002,2400,76832
bfs_multi,0.0007650113259296632,0.9963218778520666,2450,78432
bfs_multi,0.0010712281710948445,0.9951790475869055,2500,80032
bfs_multi,0.0008938946933960779,0.9960344319007468,2550,81632
bfs_multi,0.0008191545999216032,0.9972641896266365,2600,83232
bfs_multi,0.0007860342247158769,0.9958852012114076,2650,84832
bfs_multi,0.0007508381783327422,0.9959242260511483,2700,86432
bfs_multi,0.0007413206268546446,0.9963792088495955,2750,88032
bfs_multi,0.0008097811506070229,0.996376453642142,2800,89632
bfs_multi,0.0007535063316174728,0.9968865519169718,2850,91232
bfs_multi,0.0008354568506524629,0.9964553166883765,2900,92832
bfs_multi,0.0009496486485659261,0.9953887793019323,2950,94432
bfs_multi,0.001413517551682162,0.9963430177266248,3000,96032
bfs_multi,0.0008421182586607756,0.9958395319643598,3050,97632
bfs_multi,0.0009539379168563755,0.9958236685484319,3100,99232
bfs_multi,0.0009385545126860961,0.9955421535173248,3150,100832
bfs_multi,0.0009293090525898151,0.9957039816550339,3200,102432
bfs_multi,0.0008925544210433145,0.9966062725735435,3250,104032
bfs_multi,0.000776500591293825,0.9958115398210046,3300,105632
bfs_multi,0.0008158065296655082,0.9955818258721023,3350,107232
bfs_multi,0.0008352058447191269,0.9963787243948379,3400,108832
bfs_multi,0.0008553318941805798,0.9965645326560498,3450,110432
bfs_multi,0.0006387040816753142,0.9962247546431705,3500,112032
bfs_multi,0.0007524369621933147,0.9959843058424577,3550,113632
bfs_multi,0.0006797995182356686,0.9960143629413195,3600,115232
bfs_multi,0.0006758653094448163,0.9962664087073051,3650,116832
bfs_multi,0.0007155874769399872,0.99584415536018,3700,118432
bfs_multi,0.0007194693710340516,0.9965373159707414,3750,120032
bfs_multi,0.0008523850023630076,0.9963269718766262,3800,121632
bfs_multi,0.0013767832214944065,0.997080308580929,3850,123232
bfs_multi,0.0009684645228117006,0.9970708938099393,3900,124832
bfs_multi,0.0008079749286230253,0.9968809002260578,3950,126432
bfs_multi,0.000859692884996548,0.9955350855340032,4000,128032
bfs_multi,0.0007568244806498114,0.9967940653240498,4050,129632
bfs_multi,0.000755241279836909,0.9964565991339553,4100,131232
bfs_multi,0.0008728168153254501,0.9968306545586438,4150,132832
bfs_multi,0.0008254271306776673,0.9965011120641108,4200,134432
bfs_multi,0.0007510025597335357,0.9960263265492325,4250,136032
bfs_multi,0.0006875781326016294,0.996498175311599,4300,137632
bfs_multi,0.0007225462020505802,0.9957270795479221,4350,139232
bfs_multi,0.000777780526841525,0.9960837256040657,4400,140832
bfs_multi,0.0008750428226608165,0.9955564291968346,4450,142432
bfs_multi,0.000687551639218782,0.9955259634544268,4500,144032
bfs_multi,0.0007267646634863922,0.9967899583926055,4550,145632
bfs_multi,0.0007897058430717152,0.9969271869075058,4600,147232
bfs_multi,0.0011344583948653052,0.9957533083291645,4650,148832
bfs_multi,0.0009135912801593805,0.995763511683807,4700,150432
bfs_multi,0.0006560188318616156,0.9963331797054,4750,152032
bfs_multi,0.0008175901137656183,0.996171341674208,4800,153632
bfs_multi,0.0007845867577827903,0.9952850790471489,4850,155232
bfs_multi,0.0008011494835324129,0.9968161582265478,4900,156832
bfs_multi,0.0007210559248107984,0.9964894599892011,4950,158432
bfs_multi,0.0007379490730065896,0.996891714259881,5000,160032
bfs_multi,0.0007537831951920282,0.9959037314877871,5050,161632
bfs_multi,0.0008261444850359112,0.9959379417828714,5100,163232
bfs_multi,0.0009408400996050403,0.9960364615162357,5150,164832
bfs_multi,0.0007391960819921905,0.9959255336968769,5200,166432
bfs_multi,0.0008779505969687307,0.9967258591970807,5250,168032
bfs_multi,0.0009270023587453124,0.9964739500473259,5300,169632
bfs_multi,0.0007559349481610411,0.9951057035872646,5350,171232
bfs_multi,0.000911792885272007,0.9962161729505218,5400,172832
bfs_multi,0.0008633239964683525,0.9952424777145119,5450,174432
bfs_multi,0.0007575308453360208,0.9966183953311378,5500,176032
bfs_multi,0.000758879160486714,0.9967924179500891,5550,177632
bfs_multi,0.0008403169478758698,0.9954228000631375,5600,179232
bfs_multi,0.0006993445615262317,0.9963345388695287,5650,180832
bfs_multi,0.0006693043212061411,0.995488306878461,5700,182432
bfs_multi,0.0007102358465726866,0.9966926958847511,5750,184032
bfs_multi,0.0006950159142434132,0.9967591195668014,5800,185632
bfs_multi,0.0007313560573501832,0.9963538912769548,5850,187232
bfs_multi,0.0007088108289264028,0.9959920419375019,5900,188832
bfs_multi,0.0007340788686805411,0.9957895553590613,5950,190432
bfs_multi,0.000710099623320275,0.9957714956343677,6000,192032
bfs_multi,0.0008059056451705971,0.9956602177773957,6050,193632
bfs_multi,0.0006656266829381252,0.9961742753110054,6100,195232
bfs_multi,0.0007300203176441756,0.996214936802546,6150,196832
bfs_multi,0.000669327462160254,0.9954270198910457,6200,198432
bfs_multi,0.0006721674813013578,0.9965797666876222,6250,200032
bfs_multi,0.00076170847505324,0.9958816752826463,6300,201632
bfs_multi,0.0007018548845221062,0.9959941486725052,6350,203232
bfs_multi,0.0007202830923172598,0.9951882799268339,6400,204832
bfs_multi,0.0007036247419455322,0.9968461974702543,6450,206432
bfs_multi,0.0007767263715550143,0.9956963809314698,6500,208032
bfs_multi,0.0007993541686744266,0.9967541318884122,6550,209632
bfs_multi,0.0006489528356868846,0.9970353663418484,6600,211232
bfs_multi,0.0008090271656209325,0.9964531643448838,6650,212832
bfs_multi,0.0007599943953763954,0.9960381515370583,6700,214432
bfs_multi,0.0009396375707279958,0.9961578065636625,6750,216032
bfs_multi,0.0007587700841486367,0.9963657009378265,6800,217632
bfs_multi,0.0006526197873390061,0.9962154342436993,6850,219232
bfs_multi,0.0007012748806664603,0.99682190039547,6900,220832
bfs_multi,0.000837206340765988,0.9960371997991528,6950,222432
bfs_multi,0.0007686972926239832,0.9962524728208006,7000,224032
bfs_multi,0.0012465834332397207,0.9968949680859565,7050,225632
bfs_multi,0.0009056381099799182,0.9958897345212379,7100,227232
bfs_multi,0.0008085127159847616,0.9957512750716636,7150,228832
bfs_multi,0.0006311123105240313,0.9954230390782242,7200,230432
bfs_multi,0.0008203847745789971,0.9963341355007824,7250,232032
bfs_multi,0.0007467609492056937,0.9961439531598509,7300,233632
bfs_multi,0.0007725581040722317,0.9965710287045972,7350,235232
bfs_multi,0.0006994377353765912,0.9958590352005584,7400,236832
bfs_multi,0.0008392425934562197,0.9956223165160158,7450,238432
bfs_multi,0.0008108343546780362,0.9962961154609337,7500,240032
bfs_multi,0.0008569588837872288,0.995779803914683,7550,241632
bfs_multi,0.0007909180516435299,0.9968826278268426,7600,243232
bfs_multi,0.0007387871152877779,0.9951914460080491,7650,244832
bfs_multi,0.0007138754788494594,0.9947992675520829,7700,246432
bfs_multi,0.0008476671449625428,0.996657644164314,7750,248032
bfs_multi,0.0007762109632480473,0.9968493108776224,7800,249632
bfs_multi,0.0007717017279703953,0.9963756784737282,7850,251232
bfs_multi,0.0009447350983089109,0.9965383945971307,7900,252832
bfs_multi,0.0007830223536711855,0.995059355591481,7950,254432
bfs_multi,0.0007925053341368482,0.9956552215376553,8000,256032
bfs_multi,0.0007515597407962105,0.9957772101537974,8050,257632
bfs_multi,0.0007370530089201566,0.9954836506625973,8100,259232
bfs_multi,0.0007120053761764211,0.9964025246192634,8150,260832
bfs_multi,0.0008986875131449779,0.9957550285751391,8200,262432
bfs_multi,0.0007802227245883842,0.9951090864130722,8250,264032
bfs_multi,0.0008060964477317611,0.9955128882702515,8300,265632
bfs_multi,0.0008880004265581931,0.9966027119691949,8350,267232
bfs_multi,0.0007746259991927218,0.9970824227904711,8400,268832
bfs_multi,0.000821231667846547,0.9958230148137298,8450,270432
bfs_multi,0.0007269139571732808,0.996180899818683,8500,272032
bfs_multi,0.0007994789386611956,0.9963338317566323,8550,273632
bfs_multi,0.0006958212894564753,0.9955309947213069,8600,275232
bfs_multi,0.0007088559643844406,0.9961406932039829,8650,276832
bfs_multi,0.0006492246968450388,0.996351076334735,8700,278432
bfs_multi,0.0007864454903779006,0.9961421994776836,8750,280032
bfs_multi,0.0006904995048304841,0.9958802053134631,8800,281632
bfs_multi,0.0006718341063597677,0.9955197925850017,8850,283232
bfs_multi,0.0007632330330488912,0.9965425807149009,8900,284832
bfs_multi,0.000786760784704228,0.9954963262765335,8950,286432
bfs_multi,0.000797304699125121,0.995814955125673,9000,288032
bfs_multi,0.0007039418312839274,0.995689082846087,9050,289632
bfs_multi,0.0007793086623416912,0.9966891559761897,9100,291232
bfs_multi,0.0007278921710752684,0.9967062311124826,9150,292832
bfs_multi,0.0007272133313381345,0.9965105924184946,9200,294432
bfs_multi,0.0007175627113610971,0.9970698541969567,9250,296032
bfs_multi,0.0006745420412033809,0.9957649982037051,9300,297632
bfs_multi,0.0006798898437762447,0.9962781875625717,9350,299232
bfs_multi,0.0008197912071540614,0.9955502473872073,9400,300832
bfs_multi,0.000693528106822896,0.9956590970249932,9450,302432
bfs_multi,0.0008797307650820585,0.9953848243567718,9500,304032
bfs_multi,0.0006971608405970642,0.9962587118477794,9550,305632
bfs_multi,0.0007066544725364565,0.9961282317866944,9600,307232
bfs_multi,0.0007551639249444264,0.9962876048669426,9650,308832
bfs_multi,0.0007718412452959456,0.9963962729727348,9700,310432
bfs_multi,0.000678721555489652,0.9971971207077828,9750,312032
bfs_multi,0.0006685900688080437,0.9963356613094452,9800,313632
bfs_multi,0.0006944168202710443,0.9965192958796727,9850,315232
bfs_multi,0.0006406123819851572,0.9956163594661585,9900,316832
bfs_multi,0.0006432584577323298,0.9957823211262399,9950,318432
